"","end_step","forecast_RMSE","persistence_RMSE","percent_improvement","start_step","forecast_horizon","method"
"1",11,0.0606007175996773,0.0442827975783354,-36.8493431167616,10,5,"rigid"
"2",12,0.0822148237412964,0.0942766157828848,12.7940443570506,10,10,"rigid"
"3",13,0.0954456743210808,0.112481638359663,15.1455511201831,10,15,"rigid"
"4",14,0.108787351670665,0.130103464510652,16.383970188774,10,20,"rigid"
"5",15,0.119641217684325,0.142164992607066,15.8434045609211,10,25,"rigid"
"6",16,0.126357632548256,0.148419960109259,14.86479820151,10,30,"rigid"
"7",17,0.134440893199993,0.155651572450215,13.6270253594813,10,35,"rigid"
"8",18,0.139895486101941,0.160106849467133,12.6236718993969,10,40,"rigid"
"9",19,0.148598282869117,0.166343675097268,10.6679092053096,10,45,"rigid"
"10",20,0.149359732881789,0.166734290957122,10.4205067689413,10,50,"rigid"
"11",12,0.0702048848494409,0.0797048486237814,11.9189283191312,11,5,"rigid"
"12",13,0.0833562050135254,0.10136846939208,17.7690996880753,11,10,"rigid"
"13",14,0.0991704169004025,0.121665326069449,18.4891701652172,11,15,"rigid"
"14",15,0.110547413330635,0.134850473546141,18.022228306963,11,20,"rigid"
"15",16,0.11821613918805,0.14226408845796,16.9037383436487,11,25,"rigid"
"16",17,0.123945274418452,0.149494521775158,17.0904238184273,11,30,"rigid"
"17",18,0.128964842677533,0.154127879635223,16.3260774217121,11,35,"rigid"
"18",19,0.139102911376541,0.162013466245735,14.1411423384055,11,40,"rigid"
"19",20,0.140746438218578,0.164090626751239,14.2263997614261,11,45,"rigid"
"20",21,0.139444114762512,0.162818411053705,14.3560523284327,11,50,"rigid"
"21",13,0.0559781923609088,0.0570741944318232,1.92031106496593,12,5,"rigid"
"22",14,0.0801664217078008,0.0912997528122992,12.1942620451417,12,10,"rigid"
"23",15,0.0973489073271784,0.114187093087104,14.7461375052969,12,15,"rigid"
"24",16,0.107807631190426,0.126669645436307,14.8907136993337,12,20,"rigid"
"25",17,0.117490601910245,0.135794026954527,13.4788145360851,12,25,"rigid"
"26",18,0.125143552064292,0.143315888808741,12.6799176947508,12,30,"rigid"
"27",19,0.138559812493392,0.155082563211265,10.6541640631538,12,35,"rigid"
"28",20,0.141426154770769,0.158557286748024,10.8043801257016,12,40,"rigid"
"29",21,0.137953085721868,0.157386746922726,12.3477113421753,12,45,"rigid"
"30",22,0.158407798146712,0.177194910186923,10.6025122394272,12,50,"rigid"
"31",14,0.0589100002085714,0.0581031836518143,-1.38859268296205,13,5,"rigid"
"32",15,0.0853626994148254,0.0938780913650009,9.07069138961022,13,10,"rigid"
"33",16,0.0984636624575107,0.111615944620729,11.7835155254116,13,15,"rigid"
"34",17,0.11014615304649,0.124705168290448,11.6747488845443,13,20,"rigid"
"35",18,0.117361381677427,0.132430742203328,11.3790501172031,13,25,"rigid"
"36",19,0.133348989906773,0.150393700543401,11.3333940019042,13,30,"rigid"
"37",20,0.136601926437737,0.154885108810661,11.8043513113154,13,35,"rigid"
"38",21,0.134601616556576,0.15481633669351,13.0572267556966,13,40,"rigid"
"39",22,0.153800442317068,0.175147548546206,12.1880702335417,13,45,"rigid"
"40",23,0.167909869408395,0.189992626423836,11.6229547594017,13,50,"rigid"
"41",15,0.0601511906090738,0.0637874977800673,5.70065811882314,14,5,"rigid"
"42",16,0.0783596348296606,0.0908165892697204,13.7166067788158,14,10,"rigid"
"43",17,0.0923677312496881,0.109582162435737,15.7091544859266,14,15,"rigid"
"44",18,0.102196620100817,0.119573383646195,14.5323005969241,14,20,"rigid"
"45",19,0.121796819695088,0.144793850037593,15.8826015998153,14,25,"rigid"
"46",20,0.128753055883795,0.153418946913061,16.077473822867,14,30,"rigid"
"47",21,0.126554114998397,0.154074890769714,17.8619472866934,14,35,"rigid"
"48",22,0.149817597634993,0.176152260431392,14.9499431525351,14,40,"rigid"
"49",23,0.16498925870534,0.191525120865677,13.8550295858828,14,45,"rigid"
"50",24,0.18754328293903,0.211732331293137,11.4243527223143,14,50,"rigid"
"51",16,0.0532311438596951,0.0542026569202004,1.79237165797178,15,5,"rigid"
"52",17,0.0738059617280706,0.0843698430349873,12.5209208965056,15,10,"rigid"
"53",18,0.0874104960619034,0.0996351739833926,12.2694400308136,15,15,"rigid"
"54",19,0.110844625438993,0.132437387318128,16.3041285519077,15,20,"rigid"
"55",20,0.119713636423438,0.145484095621975,17.7135920516694,15,25,"rigid"
"56",21,0.118098839494752,0.147484069501708,19.9243417314409,15,30,"rigid"
"57",22,0.143777486232965,0.173600936434485,17.1793141293196,15,35,"rigid"
"58",23,0.159922273558352,0.190710875959676,16.1441251037167,15,40,"rigid"
"59",24,0.184898487603255,0.213361041152788,13.3400893601522,15,45,"rigid"
"60",25,0.188662660012883,0.216164491701043,12.722640740735,15,50,"rigid"
"61",17,0.0545964640952494,0.0552759547732492,1.22926990729904,16,5,"rigid"
"62",18,0.0743141905662006,0.0769627744101422,3.44138301177526,16,10,"rigid"
"63",19,0.101285239476413,0.116519670398517,13.0745571713343,16,15,"rigid"
"64",20,0.112213514805068,0.132976070624626,15.6137534535577,16,20,"rigid"
"65",21,0.111552391313995,0.136125306380665,18.0516876104973,16,25,"rigid"
"66",22,0.138730288221105,0.165495965764227,16.1730090637096,16,30,"rigid"
"67",23,0.155037021991064,0.183872837292365,15.682476936738,16,35,"rigid"
"68",24,0.182224903531461,0.210927394918118,13.6077589152414,16,40,"rigid"
"69",25,0.187820645775281,0.21510651311649,12.6848169057681,16,45,"rigid"
"70",26,0.192424647038214,0.218536535990934,11.9485233141078,16,50,"rigid"
"71",18,0.0516008568656429,0.0440825929205523,-17.0549494641578,17,5,"rigid"
"72",19,0.0857767748421443,0.0959666930419944,10.6181820763492,17,10,"rigid"
"73",20,0.100918521983423,0.118779029631302,15.0367516078549,17,15,"rigid"
"74",21,0.101579297484987,0.123697879242534,17.8811325569929,17,20,"rigid"
"75",22,0.129736844590693,0.155063760167693,16.3332267640164,17,25,"rigid"
"76",23,0.146426051647109,0.174132823782262,15.911286300507,17,30,"rigid"
"77",24,0.174436695500164,0.204564420716255,14.7277444976025,17,35,"rigid"
"78",25,0.180545393725499,0.211096013754277,14.472381304339,17,40,"rigid"
"79",26,0.18590975199312,0.21600579582044,13.9329797670515,17,45,"rigid"
"80",27,0.185225511732204,0.216944931220765,14.6209544099845,17,50,"rigid"
"81",19,0.0707859756343111,0.0784590813316777,9.77975470414872,18,5,"rigid"
"82",20,0.0903408055390919,0.107374841935802,15.8640851894285,18,10,"rigid"
"83",21,0.0914417627206232,0.112792127959735,18.9289497638819,18,15,"rigid"
"84",22,0.122010568821958,0.148757154461602,17.9800331193805,18,20,"rigid"
"85",23,0.139021841491078,0.167994379664016,17.2461353950546,18,25,"rigid"
"86",24,0.168974494857078,0.20005367969621,15.5354227357013,18,30,"rigid"
"87",25,0.175551260402724,0.208505769244748,15.805082497905,18,35,"rigid"
"88",26,0.181892578495486,0.215031169528287,15.4110639427283,18,40,"rigid"
"89",27,0.180462322245699,0.215974542997695,16.4427808292088,18,45,"rigid"
"90",28,0.188948936218363,0.225073196621688,16.0500054851241,18,50,"rigid"
"91",20,0.0552195709313786,0.0612675633985603,9.87144278586377,19,5,"rigid"
"92",21,0.0653968301382189,0.074211719446461,11.8780286644638,19,10,"rigid"
"93",22,0.103561008667185,0.127742538380612,18.9298960393116,19,15,"rigid"
"94",23,0.122775463288726,0.150394179426463,18.3642187769921,19,20,"rigid"
"95",24,0.154844018310936,0.185594500475654,16.5686386643509,19,25,"rigid"
"96",25,0.162072094012832,0.19604252647798,17.3280935904297,19,30,"rigid"
"97",26,0.169025050036936,0.204378531132653,17.2980405034669,19,35,"rigid"
"98",27,0.167059786365862,0.205437416524335,18.6809349571076,19,40,"rigid"
"99",28,0.176024681772979,0.215603148757991,18.3570913565078,19,45,"rigid"
"100",29,0.18376240947619,0.225020568682446,18.3352835022293,19,50,"rigid"
"101",21,0.0473246035691687,0.0335532039042961,-41.0434714495607,20,5,"rigid"
"102",22,0.087173985809611,0.101677341422946,14.2640979891531,20,10,"rigid"
"103",23,0.109243796425682,0.130182160399648,16.083896525981,20,15,"rigid"
"104",24,0.143833453387688,0.16978481015384,15.2848518914251,20,20,"rigid"
"105",25,0.150454504047552,0.18106884493546,16.9075695483779,20,25,"rigid"
"106",26,0.158321553560757,0.191133990076354,17.1672429914158,20,30,"rigid"
"107",27,0.156338512049006,0.192174885310236,18.6477921937495,20,35,"rigid"
"108",28,0.166573033368122,0.203876790983506,18.2972065802243,20,40,"rigid"
"109",29,0.175236698610428,0.214210578568876,18.1941901370277,20,45,"rigid"
"110",30,0.194035977014303,0.232263096239385,16.4585419913987,20,50,"rigid"
"111",22,0.0839939140290432,0.0926686732283866,9.36104823467583,21,5,"rigid"
"112",23,0.109552692901982,0.123128017251974,11.025373958724,21,10,"rigid"
"113",24,0.146563326985712,0.165061209851955,11.2066807718387,21,15,"rigid"
"114",25,0.154504853423252,0.176497377001112,12.4605384802523,21,20,"rigid"
"115",26,0.162091651090654,0.186603231200887,13.1356675618577,21,25,"rigid"
"116",27,0.160685414093733,0.187600363833871,14.3469603097211,21,30,"rigid"
"117",28,0.170276336199737,0.199550722530702,14.6701480003213,21,35,"rigid"
"118",29,0.178030031974952,0.209964069964521,15.209286996087,21,40,"rigid"
"119",30,0.194394605391657,0.228347344149225,14.8689002204377,21,45,"rigid"
"120",31,0.20710512640071,0.243932751852056,15.0974500848012,21,50,"rigid"
"121",23,0.0548239637994834,0.0616734394070562,11.1060379855986,22,5,"rigid"
"122",24,0.102867771596342,0.128964035456242,20.2353034065493,22,10,"rigid"
"123",25,0.114218418162532,0.147002673563354,22.3018089441027,22,15,"rigid"
"124",26,0.125704045111574,0.162251927138805,22.5253916373917,22,20,"rigid"
"125",27,0.122267958553672,0.16340015596437,25.1726794065406,22,25,"rigid"
"126",28,0.13526519617245,0.179232032614563,24.5306800356735,22,30,"rigid"
"127",29,0.146645035812311,0.192723351226341,23.9090463718191,22,35,"rigid"
"128",30,0.173662341700038,0.217567007597229,20.1798362638094,22,40,"rigid"
"129",31,0.191732457157584,0.235268526204969,18.5048419989067,22,45,"rigid"
"130",32,0.203169270222472,0.244926698299933,17.0489490804001,22,50,"rigid"
"131",24,0.0966681602990692,0.10504485611292,7.97439886522977,23,5,"rigid"
"132",25,0.115397932568153,0.129918033387775,11.1763551533167,23,10,"rigid"
"133",26,0.131963031177867,0.149717733597746,11.8587838549447,23,15,"rigid"
"134",27,0.137603205452638,0.151335712432155,9.07420116429826,23,20,"rigid"
"135",28,0.146168034663298,0.169901610140289,13.9690115104821,23,25,"rigid"
"136",29,0.168044943109348,0.184396599039803,8.86765591968684,23,30,"rigid"
"137",30,0.180959650227272,0.212374562260379,14.7922197925907,23,35,"rigid"
"138",31,0.210291189895383,0.231272356018506,9.07205966347513,23,40,"rigid"
"139",32,0.209651298185366,0.242156296679656,13.4231481650425,23,45,"rigid"
"140",33,0.231894307533731,0.254420846889469,8.85404621167849,23,50,"rigid"
"141",25,0.0651063097268357,0.0631333303187077,-3.12509952851856,24,5,"rigid"
"142",26,0.0911691111076158,0.0997792839850988,8.62921894565693,24,10,"rigid"
"143",27,0.0979139006082473,0.103394468508472,5.30063936619195,24,15,"rigid"
"144",28,0.120952752589681,0.133441308742987,9.35883818208003,24,20,"rigid"
"145",29,0.133102699118191,0.155895085660156,14.6203367767803,24,25,"rigid"
"146",30,0.167630361378676,0.189568550716168,11.5726945501308,24,30,"rigid"
"147",31,0.179198367611618,0.213232847255446,15.9611805037973,24,35,"rigid"
"148",32,0.202880510916238,0.226440591614952,10.4045306235448,24,40,"rigid"
"149",33,0.206278435649494,0.242069498102879,14.7854491102278,24,45,"rigid"
"150",34,0.23213943255617,0.259231599067729,10.450950659175,24,50,"rigid"
"151",26,0.0662779061242091,0.0633139841314829,-4.681307034116,25,5,"rigid"
"152",27,0.0767026996858209,0.0681219123443752,-12.5962220468318,25,10,"rigid"
"153",28,0.103238255097376,0.109418664499918,5.64840507859282,25,15,"rigid"
"154",29,0.123193820837774,0.138031731948697,10.7496377111591,25,20,"rigid"
"155",30,0.148476670788288,0.176288755697052,15.7764372428597,25,25,"rigid"
"156",31,0.175152827205481,0.203050882445335,13.7394405303136,25,30,"rigid"
"157",32,0.180480589019064,0.218381424311016,17.3553384458078,25,35,"rigid"
"158",33,0.202741669276423,0.235927956402929,14.0662800765454,25,40,"rigid"
"159",34,0.201640577836811,0.253294104089366,20.3927076937925,25,45,"rigid"
"160",35,0.222921783774261,0.267920311253914,16.7954894009538,25,50,"rigid"
"161",27,0.0548325342456375,0.0238528688911489,-129.878152166359,26,5,"rigid"
"162",28,0.0825210496808381,0.0762170900493705,-8.27105787873055,26,10,"rigid"
"163",29,0.107609412323507,0.113383623099295,5.09263209090706,26,15,"rigid"
"164",30,0.138014766433153,0.15858130755444,12.9690828247373,26,20,"rigid"
"165",31,0.160556154113472,0.189737793723714,15.3799825736006,26,25,"rigid"
"166",32,0.176632921861562,0.207607414343612,14.9197429099446,26,30,"rigid"
"167",33,0.186220728820831,0.227643855861392,18.1964616983922,26,35,"rigid"
"168",34,0.202661676890716,0.246444963716526,17.7659491050391,26,40,"rigid"
"169",35,0.206885205894207,0.262102120246027,21.0669468449891,26,45,"rigid"
"170",36,0.217099588961112,0.268066512306194,19.0127901119056,26,50,"rigid"
"171",28,0.0756104004667791,0.0706434035807099,-7.03108377329869,27,5,"rigid"
"172",29,0.103789065023716,0.109582875648719,5.28714964879775,27,10,"rigid"
"173",30,0.141544711435138,0.155763993758868,9.12873506937799,27,15,"rigid"
"174",31,0.166491952500953,0.187913732800601,11.399794991236,27,20,"rigid"
"175",32,0.179194986960734,0.206127713042059,13.0660383719628,27,25,"rigid"
"176",33,0.1943010419611,0.226193220946883,14.0995290894557,27,30,"rigid"
"177",34,0.203046794329099,0.244849610949502,17.0728540095675,27,35,"rigid"
"178",35,0.217157754075514,0.260487690748803,16.6341590071807,27,40,"rigid"
"179",36,0.216938945205981,0.266442084458162,18.5793244159799,27,45,"rigid"
"180",37,0.228190904564725,0.276721632220283,17.5377426282763,27,50,"rigid"
"181",29,0.0689525678801798,0.0680224037837929,-1.36743785083417,28,5,"rigid"
"182",30,0.114759347326887,0.130984264252092,12.3869206868835,28,10,"rigid"
"183",31,0.146950845252151,0.170454658016313,13.7888943826412,28,15,"rigid"
"184",32,0.16364806664642,0.192454581850682,14.9679549986561,28,20,"rigid"
"185",33,0.180545021827369,0.216212939522918,16.4966619362612,28,25,"rigid"
"186",34,0.196696097006882,0.237443635880824,17.1609311501586,28,30,"rigid"
"187",35,0.206936961618898,0.253895948826933,18.4953668717435,28,35,"rigid"
"188",36,0.21082570466385,0.259937358243976,18.8936495746139,28,40,"rigid"
"189",37,0.216215444894749,0.272282668085486,20.5915505327478,28,45,"rigid"
"190",38,0.227023252748585,0.281918505422447,19.4720288374128,28,50,"rigid"
"191",30,0.0961954994935663,0.104705426065422,8.1274933798925,29,5,"rigid"
"192",31,0.130227804432512,0.150347245506552,13.3819818289679,29,10,"rigid"
"193",32,0.149662948957403,0.176591583442605,15.2491041533437,29,15,"rigid"
"194",33,0.167651163820265,0.203194501063392,17.4922731949516,29,20,"rigid"
"195",34,0.184809001130274,0.228789590139936,19.2231600147376,29,25,"rigid"
"196",35,0.197595192782741,0.245779787952419,19.6047834409418,29,30,"rigid"
"197",36,0.198531237325743,0.251104042821833,20.9366623114832,29,35,"rigid"
"198",37,0.209349356957552,0.265042412173205,21.0128842244527,29,40,"rigid"
"199",38,0.216589036901469,0.276760894287214,21.7414593708099,29,45,"rigid"
"200",39,0.239719880919942,0.295396884314718,18.8482026558741,29,50,"rigid"
"201",4,0.0396221048138495,0.0422766846181159,6.27906333773599,3,5,"rigid"
"202",5,0.0560374368440147,0.0668565522907177,16.1825805788748,3,10,"rigid"
"203",6,0.060628016451723,0.0775525532705161,21.8233134887997,3,15,"rigid"
"204",7,0.0707064488499737,0.0896151060557779,21.0998547432786,3,20,"rigid"
"205",8,0.084118480103574,0.102571711127037,17.9905656449545,3,25,"rigid"
"206",9,0.0963503190009424,0.113235386229589,14.9114758123504,3,30,"rigid"
"207",10,0.103780681698645,0.119031349095994,12.8123116415747,3,35,"rigid"
"208",11,0.10907996084197,0.122034721697331,10.6156351857722,3,40,"rigid"
"209",12,0.111107728416839,0.125028807090206,11.1342969651175,3,45,"rigid"
"210",13,0.113169187506349,0.127419867259223,11.1840328038351,3,50,"rigid"
"211",31,0.0892374441996205,0.0946891122660312,5.7574391985998,30,5,"rigid"
"212",32,0.120549267663064,0.137235759313513,12.158996848867,30,10,"rigid"
"213",33,0.148792177863828,0.177472315730893,16.1603446424586,30,15,"rigid"
"214",34,0.175529763079414,0.214811549037267,18.2866266427036,30,20,"rigid"
"215",35,0.189832739523755,0.235956909182082,19.547708866933,30,25,"rigid"
"216",36,0.194164599022431,0.2427067632188,20.00033437577,30,30,"rigid"
"217",37,0.201076421952765,0.256132576396439,21.4951784807173,30,35,"rigid"
"218",38,0.212713587371496,0.268126607980092,20.666736891965,30,40,"rigid"
"219",39,0.234548058528242,0.290626942257167,19.2958310380263,30,45,"rigid"
"220",40,0.246818312232579,0.300529090667108,17.8720729881101,30,50,"rigid"
"221",32,0.0778829138593707,0.0762808586098591,-2.10020610505373,31,5,"rigid"
"222",33,0.115527265556424,0.133326347386158,13.3500108408293,31,10,"rigid"
"223",34,0.150581892067898,0.18794559646646,19.8800637530395,31,15,"rigid"
"224",35,0.168549204031939,0.216174613646308,22.0309909711653,31,20,"rigid"
"225",36,0.172366696249398,0.226922243932265,24.0415160442148,31,25,"rigid"
"226",37,0.184887989367121,0.242789857372642,23.8485530788261,31,30,"rigid"
"227",38,0.193026942328281,0.254789559984284,24.2406390826265,31,35,"rigid"
"228",39,0.21956825274004,0.279446395243682,21.4274163212687,31,40,"rigid"
"229",40,0.226281107937223,0.290585654456259,22.1292914956047,31,45,"rigid"
"230",41,0.241887318299174,0.306667491883407,21.1239128041853,31,50,"rigid"
"231",33,0.0855385403937128,0.0899743048538536,4.93003471084976,32,5,"rigid"
"232",34,0.136706841297722,0.165406028000544,17.3507501810803,32,10,"rigid"
"233",35,0.160951477518638,0.201300227621432,20.0440658113287,32,15,"rigid"
"234",36,0.169083619641214,0.216544193764512,21.9172693103519,32,20,"rigid"
"235",37,0.183893260632281,0.235401240761817,21.8809297533198,32,25,"rigid"
"236",38,0.195906000813998,0.248219505615713,21.0755011665784,32,30,"rigid"
"237",39,0.22002668167418,0.274384360438142,19.8107788203244,32,35,"rigid"
"238",40,0.229919080338036,0.285790991440047,19.5499203178108,32,40,"rigid"
"239",41,0.241062353273883,0.30298203957894,20.4367514295924,32,45,"rigid"
"240",42,0.253399460748971,0.315492697854233,19.6813547595802,32,50,"rigid"
"241",34,0.102344846956221,0.120421405153,15.0110839296489,33,5,"rigid"
"242",35,0.134928376039125,0.169474805671307,20.38440433393,33,10,"rigid"
"243",36,0.147282172015249,0.191233982162438,22.9832635654971,33,15,"rigid"
"244",37,0.166907607324824,0.216422052268066,22.8786504999555,33,20,"rigid"
"245",38,0.180640343423531,0.232115132601751,22.1764038394417,33,25,"rigid"
"246",39,0.210678028656493,0.262893401173152,19.861804169922,33,30,"rigid"
"247",40,0.219242105697369,0.27501831113431,20.2809060992677,33,35,"rigid"
"248",41,0.232880658139542,0.292981986552312,20.5136599420384,33,40,"rigid"
"249",42,0.24415647416078,0.306209204240363,20.2648154334622,33,45,"rigid"
"250",43,0.253900132354838,0.315711379987134,19.5784034249304,33,50,"rigid"
"251",35,0.088272444099286,0.102356832850264,13.7600865118422,34,5,"rigid"
"252",36,0.115987844681991,0.143166611612638,18.9840121411713,34,10,"rigid"
"253",37,0.1470929536306,0.18435840056742,20.2135876760291,34,15,"rigid"
"254",38,0.166421567591409,0.20626151752689,19.315260749154,34,20,"rigid"
"255",39,0.201663910192905,0.246259193672212,18.1090836911724,34,25,"rigid"
"256",40,0.21255120159734,0.259454452445507,18.077643457677,34,30,"rigid"
"257",41,0.227384946834593,0.27858770776027,18.3794042232966,34,35,"rigid"
"258",42,0.240576967891643,0.293149146341859,17.9335942492932,34,40,"rigid"
"259",43,0.252920944079891,0.305042362873506,17.0866165284814,34,45,"rigid"
"260",44,0.262053348509623,0.314023314948529,16.5497158857216,34,50,"rigid"
"261",36,0.0783469149148424,0.0851162879547458,7.95308771395489,35,5,"rigid"
"262",37,0.122229836438227,0.146853408882588,16.7674503654514,35,10,"rigid"
"263",38,0.147524645802007,0.179564619105182,17.8431438569796,35,15,"rigid"
"264",39,0.189949557027651,0.23230874232605,18.2340039700041,35,20,"rigid"
"265",40,0.202891686320131,0.24877154278713,18.4425662006918,35,25,"rigid"
"266",41,0.22035909382017,0.269531936511806,18.2437908204922,35,30,"rigid"
"267",42,0.234833552354992,0.2852295737319,17.6685820889939,35,35,"rigid"
"268",43,0.247636708727521,0.298162650104358,16.9457647895041,35,40,"rigid"
"269",44,0.257796184813089,0.308235194464897,16.3638061316686,35,45,"rigid"
"270",45,0.264152911621136,0.316234493783378,16.4692919925168,35,50,"rigid"
"271",37,0.0878323298184129,0.096488321761814,8.97102549339481,36,5,"rigid"
"272",38,0.119464765223541,0.141673083035356,15.6757496455929,36,10,"rigid"
"273",39,0.167352138597925,0.210231555176082,20.3962799695997,36,15,"rigid"
"274",40,0.182805623954622,0.231061329541615,20.8843711246378,36,20,"rigid"
"275",41,0.202492301772663,0.254515686699464,20.4401487395279,36,25,"rigid"
"276",42,0.218142529677876,0.272797115137441,20.0348839583694,36,30,"rigid"
"277",43,0.233581850467491,0.288784999642757,19.1156567147031,36,35,"rigid"
"278",44,0.24294540543361,0.300682343109054,19.2019714488201,36,40,"rigid"
"279",45,0.252167370833869,0.309136363734058,18.428434692076,36,45,"rigid"
"280",46,0.259939512623796,0.322270664631528,19.3412428894198,36,50,"rigid"
"281",38,0.079774841041895,0.0828546919915547,3.71717144271525,37,5,"rigid"
"282",39,0.146246426496867,0.182879979512216,20.0314726155698,37,10,"rigid"
"283",40,0.163412708841306,0.208794194501875,21.7350323215816,37,15,"rigid"
"284",41,0.184462477036641,0.236726458496554,22.0777946799189,37,20,"rigid"
"285",42,0.201442678567285,0.25740637105452,21.7413781399303,37,25,"rigid"
"286",43,0.215942056137841,0.274862645025919,21.436375569522,37,30,"rigid"
"287",44,0.227719189121757,0.288787801150151,21.1465345091367,37,35,"rigid"
"288",45,0.234923331872939,0.299518443045114,21.5663217648488,37,40,"rigid"
"289",46,0.247357369446554,0.314607706294053,21.3759343786202,37,45,"rigid"
"290",47,0.262703104696561,0.330576006796589,20.5317085041176,37,50,"rigid"
"291",39,0.134807075042099,0.154190127945581,12.5708780203638,38,5,"rigid"
"292",40,0.157746918553861,0.186566420799033,15.4473147535032,38,10,"rigid"
"293",41,0.183853333274447,0.221671775684352,17.0605582479549,38,15,"rigid"
"294",42,0.202866617400092,0.245282189171516,17.2925608315427,38,20,"rigid"
"295",43,0.219867698485781,0.265070077682023,17.0529920206485,38,25,"rigid"
"296",44,0.23264405656249,0.280126112746606,16.9502427740705,38,30,"rigid"
"297",45,0.241456212750314,0.292245385185994,17.3789476276438,38,35,"rigid"
"298",46,0.253064045953367,0.309005471349627,18.1037006082541,38,40,"rigid"
"299",47,0.268790216062325,0.325721687177546,17.4785632508985,38,45,"rigid"
"300",48,0.269170363871311,0.32781282095344,17.8890065713624,38,50,"rigid"
"301",40,0.0889604257571261,0.0848633313631713,-4.82787362709267,39,5,"rigid"
"302",41,0.135407679599794,0.148524759931655,8.83157820817029,39,10,"rigid"
"303",42,0.166147596422238,0.188238208446483,11.7354559451863,39,15,"rigid"
"304",43,0.191697862664839,0.220774527367794,13.1702986977822,39,20,"rigid"
"305",44,0.211162810780595,0.24466275739485,13.6922950476649,39,25,"rigid"
"306",45,0.224270519752735,0.262277619561719,14.4911715580217,39,30,"rigid"
"307",46,0.240142027471245,0.284813541447598,15.6844768508214,39,35,"rigid"
"308",47,0.258375290788707,0.305958936674308,15.5522980968698,39,40,"rigid"
"309",48,0.261158432215495,0.30878275171002,15.4232447346183,39,45,"rigid"
"310",49,0.283730615505096,0.335621650204126,15.4611702396045,39,50,"rigid"
"311",5,0.0452974087681742,0.0465341733093969,2.65775548004205,4,5,"rigid"
"312",6,0.0544854677218316,0.0671096337702702,18.8112575485864,4,10,"rigid"
"313",7,0.0651325534135363,0.0841466599769931,22.5963889341008,4,15,"rigid"
"314",8,0.079172974023825,0.0978377115791426,19.0772425622602,4,20,"rigid"
"315",9,0.0929802284124731,0.109498890722956,15.0856891804288,4,25,"rigid"
"316",10,0.100562396887496,0.115567183645157,12.9836051069063,4,30,"rigid"
"317",11,0.107750286606085,0.119695071573837,9.97934569125803,4,35,"rigid"
"318",12,0.110142732008102,0.122801585838703,10.3083797689948,4,40,"rigid"
"319",13,0.113130784310077,0.125868187754382,10.1196367974727,4,45,"rigid"
"320",14,0.123276816575791,0.134760002373171,8.5212122255546,4,50,"rigid"
"321",41,0.107154119903773,0.103615982118878,-3.41466414016667,40,5,"rigid"
"322",42,0.149637738571819,0.152194080163313,1.67965901745343,40,10,"rigid"
"323",43,0.182072886125376,0.192922634977389,5.6238858925416,40,15,"rigid"
"324",44,0.205835870400882,0.22200656475677,7.28388116522786,40,20,"rigid"
"325",45,0.220629587119344,0.243524507765328,9.40148523697932,40,25,"rigid"
"326",46,0.239717749761076,0.269417372851486,11.0236480951739,40,30,"rigid"
"327",47,0.258880637329131,0.293301292734738,11.7355962139373,40,35,"rigid"
"328",48,0.263035147899466,0.29624767322704,11.2110670662113,40,40,"rigid"
"329",49,0.285703055042261,0.326425959503129,12.4753878407389,40,45,"rigid"
"330",50,0.293310956570959,0.336079053201925,12.725606140431,40,50,"rigid"
"331",42,0.100213140971388,0.0906967888406334,-10.4924906960885,41,5,"rigid"
"332",43,0.14894180629492,0.148472863767403,-0.315843929737758,41,10,"rigid"
"333",44,0.180777417600044,0.186468742185622,3.05216012017336,41,15,"rigid"
"334",45,0.199053481087208,0.214499071374061,7.20077256647789,41,20,"rigid"
"335",46,0.223562423063794,0.247083258335419,9.51939659128802,41,25,"rigid"
"336",47,0.245492227456792,0.275525230867068,10.9002733854039,41,30,"rigid"
"337",48,0.251757704990277,0.279560082433198,9.9450455161334,41,35,"rigid"
"338",49,0.274762574974979,0.313876186319045,12.4614778211646,41,40,"rigid"
"339",50,0.286110296770778,0.325720003657754,12.1606614399389,41,45,"rigid"
"340",51,0.293135181313867,0.338225626646461,13.3314692265251,41,50,"rigid"
"341",43,0.108023484921369,0.100907506869598,-7.05198084119369,42,5,"rigid"
"342",44,0.154960193027557,0.151431553809609,-2.33018755284309,42,10,"rigid"
"343",45,0.18144795983533,0.188256219272491,3.61648579976324,42,15,"rigid"
"344",46,0.212085613558843,0.228246153271078,7.08031197048988,42,20,"rigid"
"345",47,0.236676149889547,0.259893803265413,8.9335155683398,42,25,"rigid"
"346",48,0.245063323318515,0.264787265256373,7.44897679227927,42,30,"rigid"
"347",49,0.269452833744267,0.302183973721094,10.8315274214496,42,35,"rigid"
"348",50,0.283052258431438,0.316315087253869,10.5157263003819,42,40,"rigid"
"349",51,0.291308872587525,0.330219708207607,11.7833171833641,42,45,"rigid"
"350",52,0.308194537950819,0.357918998485277,13.8926574853232,42,50,"rigid"
"351",44,0.103254492967158,0.0901268096535986,-14.5657916484734,43,5,"rigid"
"352",45,0.144502317996913,0.143755240671548,-0.519687019322035,43,10,"rigid"
"353",46,0.184859184501809,0.195235838954337,5.31493321518473,43,15,"rigid"
"354",47,0.213785826510399,0.232944865420231,8.22470968624684,43,20,"rigid"
"355",48,0.225235467867368,0.239054687141348,5.78077737744158,43,25,"rigid"
"356",49,0.249563328358843,0.280593652487136,11.0588118630786,43,30,"rigid"
"357",50,0.266921201903022,0.29744429445112,10.2617845147855,43,35,"rigid"
"358",51,0.276011725956317,0.313086658629813,11.8417478520963,43,40,"rigid"
"359",52,0.293964902334773,0.344773350746684,14.7367678800794,43,45,"rigid"
"360",53,0.30199226264545,0.361795797915549,16.5296378826541,43,50,"rigid"
"361",45,0.099340974643304,0.0944000789247011,-5.2339953259404,44,5,"rigid"
"362",46,0.15467047154028,0.159657511546619,3.12358620526436,44,10,"rigid"
"363",47,0.190962861212764,0.204119296443076,6.44546373594848,44,15,"rigid"
"364",48,0.205061146484438,0.21158357461554,3.08267224568547,44,20,"rigid"
"365",49,0.23338602445446,0.259727108661341,10.1418309173216,44,25,"rigid"
"366",50,0.253159035356396,0.278260808770116,9.02095179147493,44,30,"rigid"
"367",51,0.26374206660701,0.295372515135492,10.7086634360587,44,35,"rigid"
"368",52,0.283544836726222,0.332872596176437,14.8188105650093,44,40,"rigid"
"369",53,0.291895830164368,0.352517490787653,17.1967809279006,44,45,"rigid"
"370",54,0.29969255947979,0.367413812336476,18.4318745193681,44,50,"rigid"
"371",46,0.119605089869262,0.113695365845369,-5.19785831194821,45,5,"rigid"
"372",47,0.168645416233943,0.169297039049515,0.384899121230864,45,10,"rigid"
"373",48,0.189159044496423,0.178226946047828,-6.13380787305962,45,15,"rigid"
"374",49,0.223293856017164,0.234062029737199,4.60056410350909,45,20,"rigid"
"375",50,0.247484729863543,0.254465678899522,2.7433754784415,45,25,"rigid"
"376",51,0.261905214052428,0.273899279851367,4.37900596359656,45,30,"rigid"
"377",52,0.285164126023715,0.316247906142566,9.82892835497164,45,35,"rigid"
"378",53,0.297849021238214,0.342211528809976,12.9634754638544,45,40,"rigid"
"379",54,0.306024474022744,0.358582159216999,14.6570831379396,45,45,"rigid"
"380",55,0.309346801378519,0.362269938750988,14.6087576449025,45,50,"rigid"
"381",47,0.109809082809439,0.103804913028179,-5.78409018042358,46,5,"rigid"
"382",48,0.139667453322431,0.116413022759887,-19.9757982494002,46,10,"rigid"
"383",49,0.188717456503211,0.195304515631976,3.37271215027948,46,15,"rigid"
"384",50,0.216668988897786,0.219427489345648,1.25713530975022,46,20,"rigid"
"385",51,0.235176359802036,0.24299021694261,3.21570853299826,46,25,"rigid"
"386",52,0.265130532155958,0.294961808117024,10.1136062839807,46,30,"rigid"
"387",53,0.28218089372886,0.32828307989064,14.0434244058933,46,35,"rigid"
"388",54,0.292985994873272,0.349269695259785,16.1146819063845,46,40,"rigid"
"389",55,0.299368573322888,0.353765031316104,15.3764372331675,46,45,"rigid"
"390",56,0.300547360262702,0.361029764769991,16.7527473935071,46,50,"rigid"
"391",48,0.0828279419464378,0.0405148352539283,-104.438550539106,47,5,"rigid"
"392",49,0.130540990844878,0.150820265898056,13.445988131917,47,10,"rigid"
"393",50,0.161607995944928,0.178482910750954,9.45463895396282,47,15,"rigid"
"394",51,0.182439662931959,0.21087818920643,13.4857598983992,47,20,"rigid"
"395",52,0.225985459823154,0.274595941153683,17.7025491077169,47,25,"rigid"
"396",53,0.24987349702396,0.315684554942123,20.8470946354118,47,30,"rigid"
"397",54,0.265159559608757,0.340591900575964,22.1474265358763,47,35,"rigid"
"398",55,0.269911852639434,0.346036546269243,21.9990328913346,47,40,"rigid"
"399",56,0.274259964454038,0.354698141009176,22.6779244814417,47,45,"rigid"
"400",57,0.278877077705125,0.360516035148707,22.645028094217,47,50,"rigid"
"401",49,0.141490148508144,0.145247950004063,2.58716318943828,48,5,"rigid"
"402",50,0.177070482089205,0.168861914962329,-4.86111218666894,48,10,"rigid"
"403",51,0.209342940949399,0.202797691869905,-3.2274771074279,48,15,"rigid"
"404",52,0.250922638835334,0.268699537685769,6.61590228384549,48,20,"rigid"
"405",53,0.271961696355555,0.310532911098399,12.4209748352961,48,25,"rigid"
"406",54,0.284717388797734,0.336437144416404,15.3727840332212,48,30,"rigid"
"407",55,0.292024972834385,0.342694287252783,14.785573119584,48,35,"rigid"
"408",56,0.295974683640492,0.35143849304968,15.7819392314965,48,40,"rigid"
"409",57,0.30013368657509,0.358063040559695,16.1785349010204,48,45,"rigid"
"410",58,0.306175401641432,0.36645685929015,16.4498101537756,48,50,"rigid"
"411",50,0.11114232867952,0.0859959117973037,-29.2414096864136,49,5,"rigid"
"412",51,0.133932338533654,0.126120228005409,-6.19417729557958,49,10,"rigid"
"413",52,0.194339212198449,0.220954279082742,12.0455086883953,49,15,"rigid"
"414",53,0.230805674325606,0.280120643232368,17.6049034936186,49,20,"rigid"
"415",54,0.254042722983733,0.314103580606871,19.1213540154799,49,25,"rigid"
"416",55,0.259964217349263,0.320791964087253,18.9617426705382,49,30,"rigid"
"417",56,0.272284762952453,0.336894880544555,19.1781238965895,49,35,"rigid"
"418",57,0.282927652767463,0.347996833188342,18.6982105051694,49,40,"rigid"
"419",58,0.293106468770714,0.359201326901848,18.4005050040348,49,45,"rigid"
"420",59,0.304760846062534,0.371403126567229,17.9433816620368,49,50,"rigid"
"421",6,0.0402172325525419,0.0434861895633551,7.51723028307799,5,5,"rigid"
"422",7,0.0551419507401373,0.0698645911548297,21.0731075231872,5,10,"rigid"
"423",8,0.0736335693058004,0.0887785925058638,17.0593188882366,5,15,"rigid"
"424",9,0.0901031560475592,0.103851571797807,13.238524475118,5,20,"rigid"
"425",10,0.0988827455989209,0.111936782673621,11.6619727339873,5,25,"rigid"
"426",11,0.107328673139915,0.117104337170542,8.34782405743933,5,30,"rigid"
"427",12,0.110292180536148,0.121068999261032,8.90138581359624,5,35,"rigid"
"428",13,0.113521458354556,0.125155608362033,9.29574803697432,5,40,"rigid"
"429",14,0.124069286575046,0.13506969997323,8.14424952477419,5,45,"rigid"
"430",15,0.132608451538833,0.141944940964376,6.57754292763821,5,50,"rigid"
"431",51,0.100170332760854,0.0920667899868614,-8.80180874683345,50,5,"rigid"
"432",52,0.177083759614217,0.201743594116124,12.2233544068381,50,10,"rigid"
"433",53,0.221060516398129,0.264519236743731,16.4293232055955,50,15,"rigid"
"434",54,0.24148842060262,0.301588071758582,19.927728177549,50,20,"rigid"
"435",55,0.249542570961804,0.311133564529612,19.7956763877031,50,25,"rigid"
"436",56,0.255188378124585,0.327714359298819,22.1308524073866,50,30,"rigid"
"437",57,0.264230654640221,0.340849496429411,22.4787897860538,50,35,"rigid"
"438",58,0.272042896326969,0.353669864091053,23.0799895755521,50,40,"rigid"
"439",59,0.283047728422363,0.36700243622381,22.8757903258846,50,45,"rigid"
"440",60,0.303190857462747,0.386193514202665,21.4925040652963,50,50,"rigid"
"441",52,0.147651035487496,0.164257051111213,10.1097733773836,51,5,"rigid"
"442",53,0.198895790878871,0.240801256766468,17.402511286823,51,10,"rigid"
"443",54,0.227614967085215,0.283906817997363,19.8275798056639,51,15,"rigid"
"444",55,0.230074208627526,0.294021602106509,21.7492160510772,51,20,"rigid"
"445",56,0.240328124792453,0.314058016406975,23.4765195482157,51,25,"rigid"
"446",57,0.248310414700916,0.330139460147475,24.7862056265571,51,30,"rigid"
"447",58,0.257493042015119,0.345339207045575,25.4376460124502,51,35,"rigid"
"448",59,0.267183157260444,0.360031374769829,25.7889239705133,51,40,"rigid"
"449",60,0.288909982578222,0.380542723386098,24.0794883666467,51,45,"rigid"
"450",61,0.305044705877295,0.395537518980713,22.8784397840728,51,50,"rigid"
"451",53,0.127906371907812,0.146690554977516,12.8053118843155,52,5,"rigid"
"452",54,0.171064547324334,0.216459456195478,20.971552672732,52,10,"rigid"
"453",55,0.18762837966645,0.232489303232788,19.2959086472117,52,15,"rigid"
"454",56,0.204735008861949,0.265297123777482,22.8280329817407,52,20,"rigid"
"455",57,0.228243187172509,0.29397711365147,22.3602190192578,52,25,"rigid"
"456",58,0.244431159254714,0.319075848419574,23.3940266975972,52,30,"rigid"
"457",59,0.261209703043982,0.339351344421603,23.0267664066006,52,35,"rigid"
"458",60,0.286486653930027,0.365389606797934,21.5941973717774,52,40,"rigid"
"459",61,0.304187407596,0.385592068257292,21.111601446888,52,45,"rigid"
"460",62,0.312190396959619,0.393749114875056,20.7133717472145,52,50,"rigid"
"461",54,0.129352601707915,0.127611767906428,-1.36416400309094,53,5,"rigid"
"462",55,0.169792043557497,0.153082496738555,-10.9153869155142,53,10,"rigid"
"463",56,0.200420130353751,0.200700933781889,0.13991137103686,53,15,"rigid"
"464",57,0.229552293182338,0.245323948004299,6.42890959087469,53,20,"rigid"
"465",58,0.249931787863963,0.282207602404504,11.4369046990727,53,25,"rigid"
"466",59,0.266925170295551,0.310804985238793,14.1181181214096,53,30,"rigid"
"467",60,0.293834916235832,0.344951902414749,14.8185836405265,53,35,"rigid"
"468",61,0.305160171991588,0.371173934368618,17.7851288208915,53,40,"rigid"
"469",62,0.309123736013622,0.379915956994591,18.6336529639307,53,45,"rigid"
"470",63,0.310693217959146,0.385151379953748,19.3321810254305,53,50,"rigid"
"471",55,0.102245744278351,0.0669837011968964,-52.6427212163188,54,5,"rigid"
"472",56,0.124311832793185,0.119866791089648,-3.7083179278675,54,10,"rigid"
"473",57,0.163755311134997,0.185544081389377,11.7431771960726,54,15,"rigid"
"474",58,0.190530010502226,0.237647083640311,19.8264891015448,54,20,"rigid"
"475",59,0.218315256988254,0.277776849695674,21.4062448949813,54,25,"rigid"
"476",60,0.253620950622003,0.32107072155572,21.0077613451935,54,30,"rigid"
"477",61,0.277600649209963,0.356903303348208,22.219647000822,54,35,"rigid"
"478",62,0.28435936263403,0.36763661949725,22.6520570712196,54,40,"rigid"
"479",63,0.288037839160059,0.37433436608915,23.0533273849985,54,45,"rigid"
"480",64,0.29984151362328,0.390217902176442,23.1604926501544,54,50,"rigid"
"481",56,0.105541899617981,0.0993274641329175,-6.25651277752144,55,5,"rigid"
"482",57,0.149230431635076,0.166095642248061,10.1539151688258,55,10,"rigid"
"483",58,0.18558571808183,0.222040576480166,16.4181065354028,55,15,"rigid"
"484",59,0.209281629511781,0.265355496378032,21.1316018064941,55,20,"rigid"
"485",60,0.247624121444611,0.312954792309987,20.8754339191155,55,25,"rigid"
"486",61,0.268573295938135,0.350851215614185,23.4509433099776,55,30,"rigid"
"487",62,0.273902892742301,0.361765290350863,24.2871275802461,55,35,"rigid"
"488",63,0.275918333124508,0.36953372167768,25.3333817893963,55,40,"rigid"
"489",64,0.286216033111394,0.385801231237932,25.8125661774059,55,45,"rigid"
"490",65,0.315383536327098,0.417937075005286,24.5380333096534,55,50,"rigid"
"491",57,0.108197253434556,0.108769852708747,0.526431966147933,56,5,"rigid"
"492",58,0.154651059754767,0.181582831998823,14.8316732080873,56,10,"rigid"
"493",59,0.192792376036546,0.234547770851316,17.8025118990533,56,15,"rigid"
"494",60,0.23524506355857,0.290193507710419,18.9351045739733,56,20,"rigid"
"495",61,0.266797724403772,0.336632597397937,20.745130903533,56,25,"rigid"
"496",62,0.275392697064982,0.350453861726406,21.418272948016,56,30,"rigid"
"497",63,0.277236896886246,0.358462597914639,22.6594633584994,56,35,"rigid"
"498",64,0.291015313827754,0.376699482574603,22.7460277251322,56,40,"rigid"
"499",65,0.321163496010085,0.411385471706395,21.9312498621004,56,45,"rigid"
"500",66,0.330113655974794,0.419966303624669,21.3952040614616,56,50,"rigid"
"501",58,0.104266466282535,0.111919218132458,6.83774599002822,57,5,"rigid"
"502",59,0.147441262202322,0.18205542321872,19.0129798961348,57,10,"rigid"
"503",60,0.205065967799463,0.251712218736721,18.531579901589,57,15,"rigid"
"504",61,0.243008137088937,0.309538878773657,21.4935008966576,57,20,"rigid"
"505",62,0.253043199579284,0.327404352229468,22.7123286980823,57,25,"rigid"
"506",63,0.256721140247103,0.33670025213772,23.7538021973038,57,30,"rigid"
"507",64,0.271078711548468,0.358153201744766,24.3120792365136,57,35,"rigid"
"508",65,0.309407060934901,0.399554579610404,22.5620036099708,57,40,"rigid"
"509",66,0.317305491801838,0.409488822373254,22.5118063143098,57,45,"rigid"
"510",67,0.323543733781449,0.417297214806412,22.4668360339898,57,50,"rigid"
"511",59,0.105082290853755,0.113400388659126,7.3351581098846,58,5,"rigid"
"512",60,0.175313293887527,0.207169184320925,15.3767513917757,58,10,"rigid"
"513",61,0.226566953558697,0.279644687522786,18.98041920062,58,15,"rigid"
"514",62,0.240264846032647,0.302130089856389,20.4763596545938,58,20,"rigid"
"515",63,0.245461618471818,0.312950195581969,21.5652771792162,58,25,"rigid"
"516",64,0.264097124692241,0.338328401693429,21.9405987288207,58,30,"rigid"
"517",65,0.306973269653817,0.387562704567511,20.7939086924337,58,35,"rigid"
"518",66,0.319857440342465,0.400388827811551,20.1132953457406,58,40,"rigid"
"519",67,0.324311720347946,0.408464831097902,20.6022904159858,58,45,"rigid"
"520",68,0.330445984708077,0.414322985994733,20.2443514171145,58,50,"rigid"
"521",60,0.134267016133484,0.147707731390331,9.09953401242683,59,5,"rigid"
"522",61,0.194852254157437,0.239053949144472,18.4902592679283,59,10,"rigid"
"523",62,0.211539672027979,0.267257877532591,20.8481059638054,59,15,"rigid"
"524",63,0.217764354788975,0.280317232097849,22.3150310242213,59,20,"rigid"
"525",64,0.239857040680609,0.310734184078409,22.8095739154066,59,25,"rigid"
"526",65,0.293449188699404,0.370364576663495,20.7674796161659,59,30,"rigid"
"527",66,0.307928812346897,0.38702985100315,20.4379684024965,59,35,"rigid"
"528",67,0.31544721552038,0.395874304979956,20.3163197125532,59,40,"rigid"
"529",68,0.32076398509819,0.404059500604138,20.6146657562579,59,45,"rigid"
"530",69,NA,NA,NA,59,50,"rigid"
"531",7,0.0422348817521413,0.0438249349294078,3.62819289937965,6,5,"rigid"
"532",8,0.0651295092273142,0.0715593969607892,8.98538557696096,6,10,"rigid"
"533",9,0.0845373467416531,0.0922473862279392,8.35800319288721,6,15,"rigid"
"534",10,0.0947453530649231,0.102918187676108,7.94109845473091,6,20,"rigid"
"535",11,0.105395758664699,0.111078804431024,5.11622878499197,6,25,"rigid"
"536",12,0.10861298683058,0.115984282676918,6.35542650797853,6,30,"rigid"
"537",13,0.111788452150797,0.120921436556803,7.55282493002477,6,35,"rigid"
"538",14,0.122640409552529,0.131790895365697,6.94318510226121,6,40,"rigid"
"539",15,0.131188597689041,0.139299708428434,5.82277653765508,6,45,"rigid"
"540",16,0.1361387611546,0.142940269789452,4.7582872516402,6,50,"rigid"
"541",61,0.14394550812843,0.159025753453761,9.48289506436188,60,5,"rigid"
"542",62,0.175239802685974,0.199621696143632,12.2140498396098,60,10,"rigid"
"543",63,0.193189058963261,0.215710585239827,10.4406217485928,60,15,"rigid"
"544",64,0.223535961878684,0.256726971645094,12.9285246321113,60,20,"rigid"
"545",65,0.281772118855338,0.335027202031861,15.8957490178539,60,25,"rigid"
"546",66,0.298331679944747,0.359540120726617,17.0240919589641,60,30,"rigid"
"547",67,0.305966603687116,0.369978295846173,17.3014722424882,60,35,"rigid"
"548",68,0.31560451687327,0.383685069790341,17.7438629431875,60,40,"rigid"
"549",69,NA,NA,NA,60,45,"rigid"
"550",70,NA,NA,NA,60,50,"rigid"
"551",62,0.0981990991983421,0.0954284027062735,-2.90342960113954,61,5,"rigid"
"552",63,0.135697842132176,0.11428985086874,-18.7313143736826,61,10,"rigid"
"553",64,0.180731761162393,0.177450268026861,-1.8492466492275,61,15,"rigid"
"554",65,0.249772963031681,0.281858339315331,11.3835114340024,61,20,"rigid"
"555",66,0.272729546562186,0.316066738815809,13.7114055139089,61,25,"rigid"
"556",67,0.284699354242938,0.330711977403285,13.9132013063552,61,30,"rigid"
"557",68,0.297389557690279,0.35100309896476,15.2743783267461,61,35,"rigid"
"558",69,NA,NA,NA,61,40,"rigid"
"559",70,NA,NA,NA,61,45,"rigid"
"560",71,NA,NA,NA,61,50,"rigid"
"561",63,0.100278236996971,0.062855826844996,-59.5368990121777,62,5,"rigid"
"562",64,0.137041349449415,0.135728119797298,-0.967544274596444,62,10,"rigid"
"563",65,0.223539172060233,0.25715423088164,13.0719446871084,62,15,"rigid"
"564",66,0.247899106997851,0.296061276849224,16.2676356610798,62,20,"rigid"
"565",67,0.263425126753287,0.313288799739327,15.9162003325781,62,25,"rigid"
"566",68,0.275774667725962,0.335537245445642,17.8110116032891,62,30,"rigid"
"567",69,NA,NA,NA,62,35,"rigid"
"568",70,NA,NA,NA,62,40,"rigid"
"569",71,NA,NA,NA,62,45,"rigid"
"570",72,NA,NA,NA,62,50,"rigid"
"571",8,0.0508522263805326,0.04778667291708,-6.41508034838898,7,5,"rigid"
"572",9,0.0754948020015584,0.0806016149211242,6.33586923111055,7,10,"rigid"
"573",10,0.0880250973057975,0.096135105005451,8.43605226123553,7,15,"rigid"
"574",11,0.0995130948702042,0.106622076035695,6.66745708750854,7,20,"rigid"
"575",12,0.106637740295501,0.11650647029478,8.47054242936899,7,25,"rigid"
"576",13,0.110792619625629,0.121472826563138,8.79226016195289,7,30,"rigid"
"577",14,0.121806759094295,0.132539966116076,8.09809096554441,7,35,"rigid"
"578",15,0.130381247157747,0.14025164456925,7.0376339912577,7,40,"rigid"
"579",16,0.135276510523674,0.143866481566353,5.97079385632813,7,45,"rigid"
"580",17,0.14200314403652,0.149255341541172,4.85891990850601,7,50,"rigid"
"581",9,0.0564191669917555,0.0541013103403299,-4.28428930250457,8,5,"rigid"
"582",10,0.0736937040894563,0.0791822964979112,6.93159033168435,8,10,"rigid"
"583",11,0.085133812760091,0.0921481469044642,7.61201866777135,8,15,"rigid"
"584",12,0.0958530765471807,0.111187275326419,13.7913252521215,8,20,"rigid"
"585",13,0.102441068530043,0.119803542922352,14.4924548713569,8,25,"rigid"
"586",14,0.115815276682632,0.133451906716651,13.2157197809585,8,30,"rigid"
"587",15,0.125421613792282,0.142384620214084,11.9135103189494,8,35,"rigid"
"588",16,0.131296367392703,0.146326580895398,10.2716904958231,8,40,"rigid"
"589",17,0.138058722069898,0.151258204677337,8.72645727588546,8,45,"rigid"
"590",18,0.14300837070678,0.155598480004062,8.09140892440209,8,50,"rigid"
"591",10,0.0561163427845368,0.0511990775552751,-9.60420668507742,9,5,"rigid"
"592",11,0.0732393347083005,0.0711597354712952,-2.92243812210935,9,10,"rigid"
"593",12,0.0892328155310926,0.105326686215173,15.2799554057956,9,15,"rigid"
"594",13,0.0975768993228481,0.118719757281274,17.8090474935303,9,20,"rigid"
"595",14,0.110511098287678,0.133958956494729,17.5037629588986,9,25,"rigid"
"596",15,0.120220444261851,0.144387467113521,16.737618115199,9,30,"rigid"
"597",16,0.1259602754759,0.149205931878588,15.5795792499752,9,35,"rigid"
"598",17,0.132566659618242,0.154599494896736,14.251557091574,9,40,"rigid"
"599",18,0.137023584040913,0.158206404169403,13.3893569224973,9,45,"rigid"
"600",19,0.145253978881202,0.164032912385548,11.4482717103794,9,50,"rigid"
"601",3,0.0669916114151615,0.0337812225948085,-98.3102039221541,2,5,"warping"
"602",4,0.104185598812888,0.0572174274150805,-82.087177840205,2,10,"warping"
"603",5,0.139648182945572,0.0718174978678595,-94.4486888174769,2,15,"warping"
"604",6,0.165350458118507,0.076278745401324,-116.771339445282,2,20,"warping"
"605",7,0.186794836652409,0.0865689436229876,-115.775806928995,2,25,"warping"
"606",8,0.202831437405546,0.0999251419813852,-102.983386746982,2,30,"warping"
"607",9,0.214745630921795,0.110449717066184,-94.4284119742161,2,35,"warping"
"608",10,0.223859739569222,0.116948958952186,-91.4166159108324,2,40,"warping"
"609",11,0.226141979738394,0.121610895893419,-85.9553603951628,2,45,"warping"
"610",12,0.228967685492953,0.12393203379272,-84.7526248749438,2,50,"warping"
"611",4,0.0390500576183954,0.0422766838813074,7.632164982407,3,5,"warping"
"612",5,0.0666956370387149,0.0668565554003495,0.24069197204518,3,10,"warping"
"613",6,0.0873825440233918,0.0775525563730816,-12.675259346734,3,15,"warping"
"614",7,0.108365026646054,0.0896151047536072,-20.9227249624925,3,20,"warping"
"615",8,0.123217997873687,0.102571711499809,-20.1286359289393,3,25,"warping"
"616",9,0.135062141253573,0.113235387578265,-19.2755587648967,3,30,"warping"
"617",10,0.143377198326652,0.119031348811983,-20.4533089456326,3,35,"warping"
"618",11,0.143572187418037,0.122034720469217,-17.6486387365903,3,40,"warping"
"619",12,0.146097994510534,0.12502880868024,-16.8514649165205,3,45,"warping"
"620",13,0.149650459404574,0.127419868937305,-17.446722126364,3,50,"warping"
"621",5,0.0457705800706087,0.0465341702408026,1.64092357560596,4,5,"warping"
"622",6,0.0666140150418814,0.0671096341816881,0.738521593583596,4,10,"warping"
"623",7,0.0925083077350353,0.0841466576876349,-9.93699604616525,4,15,"warping"
"624",8,0.121467007866334,0.0978377125652476,-24.1515205962404,4,20,"warping"
"625",9,0.148143619504858,0.109498890405337,-35.2923476726272,4,25,"warping"
"626",10,0.167051117925023,0.115567183923465,-44.5489214616959,4,30,"warping"
"627",11,0.18345799519236,0.119695070909374,-53.2711362285453,4,35,"warping"
"628",12,0.194274931475988,0.122801583866007,-58.2023011103571,4,40,"warping"
"629",13,0.203938019996272,0.1258681889915,-62.0250689473607,4,45,"warping"
"630",14,0.215265554606398,0.13476000148412,-59.7399467465609,4,50,"warping"
"631",6,0.0446577988709699,0.0434861932111791,-2.69420147700948,5,5,"warping"
"632",7,0.0718624519481488,0.0698645904589729,-2.8596195526963,5,10,"warping"
"633",8,0.096643577127505,0.0887785897612707,-8.85910374042157,5,15,"warping"
"634",9,0.115628923717208,0.103851571966918,-11.3405618492148,5,20,"warping"
"635",10,0.126364195878421,0.111936781265141,-12.8888953659535,5,25,"warping"
"636",11,0.13561352808625,0.117104338092148,-15.8057253007463,5,30,"warping"
"637",12,0.135536666625677,0.12106900098704,-11.9499339390647,5,35,"warping"
"638",13,0.138406520800141,0.125155607145665,-10.5875509349368,5,40,"warping"
"639",14,0.147725840664387,0.135069700525321,-9.37008084703164,5,45,"warping"
"640",15,0.156882070358598,0.141944940029576,-10.5231861917086,5,50,"warping"
"641",7,0.0431344525872301,0.0438249358242542,1.57554876929675,6,5,"warping"
"642",8,0.0722545085098501,0.0715593949108012,-0.971379928401245,6,10,"warping"
"643",9,0.0946380473171335,0.0922473847867786,-2.59157756708296,6,15,"warping"
"644",10,0.106157858870646,0.102918185953698,-3.14781385517747,6,20,"warping"
"645",11,0.115006365041245,0.111078805359078,-3.53583176328721,6,25,"warping"
"646",12,0.116443144924895,0.115984283418056,-0.395623866713374,6,30,"warping"
"647",13,0.119094013283624,0.120921437305384,1.51124900801938,6,35,"warping"
"648",14,0.128921794123414,0.131790894981406,2.17700992044758,6,40,"warping"
"649",15,0.13781787619899,0.139299709260285,1.06377326210128,6,45,"warping"
"650",16,0.142800007002801,0.142940270742713,0.098127518006585,6,50,"warping"
"651",8,0.0501223004260579,0.0477866717819938,-4.88761522191669,7,5,"warping"
"652",9,0.0784257993264972,0.0806016128870881,2.69946652759781,7,10,"warping"
"653",10,0.096741728328576,0.0961351028501036,-0.63101350129956,7,15,"warping"
"654",11,0.106559945570557,0.10662207557537,0.0582712393080688,7,20,"warping"
"655",12,0.113973233699847,0.116506471923237,2.17433261995846,7,25,"warping"
"656",13,0.118850856118078,0.121472828237429,2.15848445894974,7,30,"warping"
"657",14,0.13117640031652,0.13253996755696,1.028797022946,7,35,"warping"
"658",15,0.142536395352205,0.140251645266642,-1.62903620932141,7,40,"warping"
"659",16,0.149660335426592,0.143866483240538,-4.02724252066888,7,45,"warping"
"660",17,0.156295892460423,0.149255341612955,-4.71711817572644,7,50,"warping"
"661",9,0.0521149210879188,0.0541013123685554,3.67161385495542,8,5,"warping"
"662",10,0.0795374125804957,0.0791822960010633,-0.448479770563461,8,10,"warping"
"663",11,0.0949086771586244,0.0921481470242348,-2.99575219202573,8,15,"warping"
"664",12,0.109524207369878,0.111187274451711,1.49573509201809,8,20,"warping"
"665",13,0.119950152146631,0.119803543353275,-0.122374338231522,8,25,"warping"
"666",14,0.134574224872373,0.133451905194343,-0.840991873735488,8,30,"warping"
"667",15,0.145326188280021,0.142384619955949,-2.0659312255648,8,35,"warping"
"668",16,0.153920846541331,0.146326579950466,-5.18994334005231,8,40,"warping"
"669",17,0.162773689520143,0.151258203083337,-7.61313185140893,8,45,"warping"
"670",18,0.169246914299789,0.155598480069697,-8.77157297679112,8,50,"warping"
"671",10,0.0504324498710899,0.0511990820230207,1.49735526817853,9,5,"warping"
"672",11,0.0782077617631396,0.0711597358061425,-9.90451394619808,9,10,"warping"
"673",12,0.09415922153459,0.105326687026603,10.6026932084102,9,15,"warping"
"674",13,0.110539554006699,0.118719758254471,6.89034779723658,9,20,"warping"
"675",14,0.126801443209452,0.133958956400832,5.34306431140206,9,25,"warping"
"676",15,0.138458686979185,0.144387468292785,4.1061605856109,9,30,"warping"
"677",16,0.143233508649338,0.149205931517484,4.00280525539675,9,35,"warping"
"678",17,0.147410990092327,0.154599495471363,4.64975992134983,9,40,"warping"
"679",18,0.151447135991408,0.158206403157394,4.27243590087936,9,45,"warping"
"680",19,0.156731525227058,0.164032911331842,4.45117144206083,9,50,"warping"
"681",11,0.058885762285972,0.0442827957563657,-32.9766137846143,10,5,"warping"
"682",12,0.075891060079564,0.0942766142794702,19.5017124240426,10,10,"warping"
"683",13,0.093977390898024,0.112481638501579,16.4509050988759,10,15,"warping"
"684",14,0.113510757199483,0.130103462674903,12.7534695343824,10,20,"warping"
"685",15,0.128401257782002,0.142164992174586,9.68152157718379,10,25,"warping"
"686",16,0.136550280116886,0.148419961595467,7.99736191209467,10,30,"warping"
"687",17,0.145627336032766,0.15565157243022,6.4401767620744,10,35,"warping"
"688",18,0.151609666578355,0.160106848697987,5.30719465702559,10,40,"warping"
"689",19,0.161683712847027,0.166343674361245,2.80140590383856,10,45,"warping"
"690",20,0.162394849056243,0.166734291613933,2.60260952662187,10,50,"warping"
"691",12,0.0815450672941043,0.079704849287857,-2.30879052239505,11,5,"warping"
"692",13,0.100047118899047,0.10136847142973,1.30351430977163,11,10,"warping"
"693",14,0.118906841687096,0.121665327846515,2.26727384723731,11,15,"warping"
"694",15,0.133411378825046,0.134850472746669,1.06717751321926,11,20,"warping"
"695",16,0.142952114360019,0.142264088933223,-0.483625510805512,11,25,"warping"
"696",17,0.150792891079122,0.149494521638754,-0.868506368082994,11,30,"warping"
"697",18,0.156475266416134,0.15412787872413,-1.52301304049322,11,35,"warping"
"698",19,0.162841659289016,0.162013465489755,-0.511188250160331,11,40,"warping"
"699",20,0.163077236302312,0.164090627398398,0.617580121518012,11,45,"warping"
"700",21,0.160322097665918,0.162818411121101,1.53318868424969,11,50,"warping"
"701",13,0.068167462913035,0.0570741973224328,-19.4365687316324,12,5,"warping"
"702",14,0.115184855775401,0.0912997535593607,-26.1611902386036,12,10,"warping"
"703",15,0.149198086448855,0.114187092090131,-30.6610788644037,12,15,"warping"
"704",16,0.164668852549594,0.12666964514042,-29.9986688737066,12,20,"warping"
"705",17,0.169495460116193,0.135794027851007,-24.818051867615,12,25,"warping"
"706",18,0.168957488736072,0.143315888860935,-17.8916658012831,12,30,"warping"
"707",19,0.169624107956387,0.155082561882373,-9.37664808828961,12,35,"warping"
"708",20,0.164302793646365,0.158557286177583,-3.62361617513237,12,40,"warping"
"709",21,0.159591359415226,0.157386746583059,-1.40076142370992,12,45,"warping"
"710",22,0.170479180547069,0.177194909633432,3.79002370906483,12,50,"warping"
"711",14,0.0515227619601279,0.0581031840779832,11.3254070706752,13,5,"warping"
"712",15,0.084863596435692,0.0938780911608241,9.60234130633227,13,10,"warping"
"713",16,0.106010801336468,0.111615944201534,5.02181198677669,13,15,"warping"
"714",17,0.12374094310292,0.124705168297068,0.773203875440993,13,20,"warping"
"715",18,0.13600398891209,0.13243074038908,-2.69820172605833,13,25,"warping"
"716",19,0.1564298468963,0.150393700001031,-4.01356366339046,13,30,"warping"
"717",20,0.16319790439831,0.15488510903247,-5.36707203020915,13,35,"warping"
"718",21,0.16457889293588,0.154816336347299,-6.30589563021383,13,40,"warping"
"719",22,0.176898776140481,0.175147549226359,-0.999858075009818,13,45,"warping"
"720",23,0.187612339679457,0.189992626172702,1.25283098675682,13,50,"warping"
"721",15,0.0643294800227703,0.0637874987752302,-0.849666875087602,14,5,"warping"
"722",16,0.0923993560583622,0.0908165898941377,-1.7428161155021,14,10,"warping"
"723",17,0.121580286230951,0.109582160956973,-10.9489767031413,14,15,"warping"
"724",18,0.147159542673929,0.119573383325889,-23.0704849028617,14,20,"warping"
"725",19,0.178588731447424,0.144793850007519,-23.3399978232151,14,25,"warping"
"726",20,0.196413706242716,0.153418946026884,-28.0244137567585,14,30,"warping"
"727",21,0.208500918463205,0.154074890881026,-35.3243979411324,14,35,"warping"
"728",22,0.229688587004231,0.176152260842715,-30.3920743937073,14,40,"warping"
"729",23,0.246168954175786,0.191525121067707,-28.5308960012408,14,45,"warping"
"730",24,0.269855405726845,0.211732331021977,-27.4512042749083,14,50,"warping"
"731",16,0.0517900279976754,0.054202656761454,4.45112639846539,15,5,"warping"
"732",17,0.0819961584466004,0.0843698405829951,2.81342493951929,15,10,"warping"
"733",18,0.105254192315556,0.0996351745118159,-5.63959247451666,15,15,"warping"
"734",19,0.134774344739643,0.132437388980605,-1.76457402024139,15,20,"warping"
"735",20,0.1500383351014,0.14548409535066,-3.13040386975819,15,25,"warping"
"736",21,0.16228872419241,0.147484070326256,-10.0381375652324,15,30,"warping"
"737",22,0.184598875944573,0.173600936057384,-6.3351846694846,15,35,"warping"
"738",23,0.201515143351561,0.190710875410921,-5.66526052452927,15,40,"warping"
"739",24,0.221793924623737,0.213361041429779,-3.95240065264363,15,45,"warping"
"740",25,0.227852476396461,0.216164490608425,-5.40698694551477,15,50,"warping"
"741",17,0.0566090098835866,0.055275953180384,-2.41163946798417,16,5,"warping"
"742",18,0.0760203722695436,0.0769627767170598,1.224493823788,16,10,"warping"
"743",19,0.109217654250583,0.116519672158825,6.26676832585666,16,15,"warping"
"744",20,0.123211237312187,0.132976069275641,7.34330020179257,16,20,"warping"
"745",21,0.129261192938948,0.136125306243916,5.04249613416378,16,25,"warping"
"746",22,0.156588629855427,0.165495966718226,5.3822078201845,16,30,"warping"
"747",23,0.173970738918934,0.18387283649305,5.38529657940543,16,35,"warping"
"748",24,0.201419075561378,0.210927395091297,4.50786372524227,16,40,"warping"
"749",25,0.207793820889843,0.215106513151043,3.39956803449552,16,45,"warping"
"750",26,0.215263454864034,0.218536536990957,1.49772764407749,16,50,"warping"
"751",18,0.0492288939546685,0.0440825929364415,-11.6742248479962,17,5,"warping"
"752",19,0.0853578701702426,0.0959666921384706,11.054691718373,17,10,"warping"
"753",20,0.10406207762677,0.118779030135795,12.3901942053231,17,15,"warping"
"754",21,0.109247553748356,0.123697877912275,11.6819499314017,17,20,"warping"
"755",22,0.136755581238939,0.155063761079112,11.8068720330037,17,25,"warping"
"756",23,0.154767690426652,0.174132822868062,11.1208973256484,17,30,"warping"
"757",24,0.180899530126532,0.204564420171251,11.5684291652027,17,35,"warping"
"758",25,0.18695006552553,0.211096013699928,11.4383724027687,17,40,"warping"
"759",26,0.193829050970178,0.216005796218527,10.2667361879093,17,45,"warping"
"760",27,0.193255144821554,0.216944930800422,10.9197232179908,17,50,"warping"
"761",19,0.0751755146307626,0.078459078505932,4.18506556245259,18,5,"warping"
"762",20,0.0954653392598591,0.10737484342247,11.0915217969192,18,10,"warping"
"763",21,0.100928534121922,0.112792127384849,10.518104000688,18,15,"warping"
"764",22,0.131131883994702,0.148757154449794,11.8483514425122,18,20,"warping"
"765",23,0.149401060906541,0.167994380858408,11.0678225407661,18,25,"warping"
"766",24,0.180818411673148,0.200053680296065,9.61505361683418,18,30,"warping"
"767",25,0.187462999015806,0.208505769704342,10.0921766905416,18,35,"warping"
"768",26,0.19561595026991,0.215031169833585,9.02902568901998,18,40,"warping"
"769",27,0.194837085792207,0.215974542481284,9.78701306470341,18,45,"warping"
"770",28,0.204991168102433,0.225073196982671,8.92244352035556,18,50,"warping"
"771",20,0.0550834457890935,0.0612675607479194,10.0936203160919,19,5,"warping"
"772",21,0.078177893294716,0.0742117174036553,-5.34440655710431,19,10,"warping"
"773",22,0.110828967332553,0.127742537942535,13.2403589927038,19,15,"warping"
"774",23,0.132382260896239,0.150394178743727,11.9764727584169,19,20,"warping"
"775",24,0.158701090103376,0.185594501534932,14.4904138911109,19,25,"warping"
"776",25,0.16701723264382,0.196042525998825,14.8056107760919,19,30,"warping"
"777",26,0.177197367361933,0.204378531162155,13.2994222268169,19,35,"warping"
"778",27,0.179215094230369,0.205437416261011,12.7641412688556,19,40,"warping"
"779",28,0.190523560222876,0.215603149327648,11.6322925629711,19,45,"warping"
"780",29,0.198528448842981,0.225020567948799,11.773198933462,19,50,"warping"
"781",21,0.0517643506672304,0.0335531965690305,-54.275466901442,20,5,"warping"
"782",22,0.0869779282346964,0.101677342608862,14.4569222572157,20,10,"warping"
"783",23,0.114303206429216,0.130182160836268,12.1974887381253,20,15,"warping"
"784",24,0.148911104354242,0.169784810863634,12.2942131296757,20,20,"warping"
"785",25,0.15586317076205,0.181068846022721,13.9204925719294,20,25,"warping"
"786",26,0.163321186623169,0.191133989651239,14.5514688825467,20,30,"warping"
"787",27,0.166286550869275,0.192174886496649,13.4712376311592,20,35,"warping"
"788",28,0.178323913146835,0.203876791224504,12.5334904106523,20,40,"warping"
"789",29,0.188920925257103,0.214210578637004,11.8059778096934,20,45,"warping"
"790",30,0.20467887775733,0.23226309650911,11.8762813233646,20,50,"warping"
"791",22,0.0942183156291811,0.0926686732396661,-1.67223974978826,21,5,"warping"
"792",23,0.122395510538581,0.12312801874472,0.594915936767224,21,10,"warping"
"793",24,0.164393397069347,0.165061209858646,0.404584935413311,21,15,"warping"
"794",25,0.176593352083254,0.176497376751044,-0.0543777669539916,21,20,"warping"
"795",26,0.187127713073184,0.186603231483273,-0.281067795955205,21,25,"warping"
"796",27,0.187664434563398,0.187600365138237,-0.034152079135703,21,30,"warping"
"797",28,0.199297077249015,0.199550722875163,0.127108347438075,21,35,"warping"
"798",29,0.208261403049149,0.209964070735924,0.81093288047195,21,40,"warping"
"799",30,0.226767438138724,0.228347345068867,0.691887584533154,21,45,"warping"
"800",31,0.239619713295881,0.243932750978625,1.76812570900847,21,50,"warping"
"801",23,0.0691088489268921,0.0616734383669339,-12.0560986331267,22,5,"warping"
"802",24,0.108034934164834,0.128964033745847,16.2286328777981,22,10,"warping"
"803",25,0.130297394448239,0.147002673445077,11.3639286996229,22,15,"warping"
"804",26,0.15192192073562,0.162251927569444,6.36664660233542,22,20,"warping"
"805",27,0.16648169869388,0.163400156058677,-1.88588720447543,22,25,"warping"
"806",28,0.187414524517178,0.179232033967145,-4.56530586018604,22,30,"warping"
"807",29,0.210077633269227,0.192723350946376,-9.00476368724002,22,35,"warping"
"808",30,0.232838351651956,0.217567008068779,-7.01914491481623,22,40,"warping"
"809",31,0.253953826511829,0.235268525306723,-7.94211685593975,22,45,"warping"
"810",32,0.270265741447191,0.244926699238772,-10.3455614627447,22,50,"warping"
"811",24,0.0874605854085142,0.105044857084962,16.7397740017153,23,5,"warping"
"812",25,0.101695791456677,0.129918031850856,21.7231126365717,23,10,"warping"
"813",26,0.120486302126009,0.149717734420475,19.5243618984849,23,15,"warping"
"814",27,0.128536391734014,0.151335712903465,15.0653938399815,23,20,"warping"
"815",28,0.152618432700641,0.169901609762827,10.1724622187587,23,25,"warping"
"816",29,0.177432998622015,0.184396599751731,3.77642599651589,23,30,"warping"
"817",30,0.210346071986144,0.212374562977773,0.955147812048139,23,35,"warping"
"818",31,0.240309113435175,0.231272356757136,-3.9074089116189,23,40,"warping"
"819",32,0.263857126111841,0.242156296635045,-8.96149709024553,23,45,"warping"
"820",33,0.287984324226163,0.254420846237096,-13.1921100355863,23,50,"warping"
"821",25,0.0770119341401058,0.0631333271735302,-21.9830121235786,24,5,"warping"
"822",26,0.126957575591219,0.0997792864275948,-27.2384080270467,24,10,"warping"
"823",27,0.165734516622217,0.103394467937119,-60.293408273072,24,15,"warping"
"824",28,0.194834860843741,0.133441309196216,-46.0079056607958,24,20,"warping"
"825",29,0.219568435800777,0.155895086516542,-40.8437178534676,24,25,"warping"
"826",30,0.236247560833969,0.189568549606732,-24.6238161995093,24,30,"warping"
"827",31,0.245799170055556,0.21323284690685,-15.2726578578827,24,35,"warping"
"828",32,0.25771964806743,0.226440592650699,-13.8133605157008,24,40,"warping"
"829",33,0.264572103593708,0.2420694982851,-9.29592760262008,24,45,"warping"
"830",34,0.281614752809578,0.259231599154115,-8.63442332204109,24,50,"warping"
"831",26,0.0514957085590634,0.0633139873961513,18.666142069274,25,5,"warping"
"832",27,0.0710396720150086,0.0681219127740847,-4.28314344401961,25,10,"warping"
"833",28,0.0959958436600252,0.109418663855852,12.2673954541341,25,15,"warping"
"834",29,0.11785765566988,0.138031731859019,14.6155350783715,25,20,"warping"
"835",30,0.135835168494761,0.176288754604484,22.9473435219869,25,25,"warping"
"836",31,0.160086507863717,0.203050882785572,21.159413016306,25,30,"warping"
"837",32,0.178272474039039,0.218381423202616,18.3664656889625,25,35,"warping"
"838",33,0.197270208090325,0.235927957224234,16.3854040821316,25,40,"warping"
"839",34,0.217590702926389,0.253294103760826,14.0956304565819,25,45,"warping"
"840",35,0.228061340432788,0.267920310913525,14.87717386742,25,50,"warping"
"841",27,0.062942878866477,0.0238528614635645,-163.879782149504,26,5,"warping"
"842",28,0.0857871960143237,0.0762170912591133,-12.5563762630028,26,10,"warping"
"843",29,0.112165792468114,0.11338362315608,1.07407988390867,26,15,"warping"
"844",30,0.134887834885137,0.158581307221248,14.9408986161622,26,20,"warping"
"845",31,0.165948076216629,0.189737792756214,12.5382066450787,26,25,"warping"
"846",32,0.190435676804532,0.20760741316244,8.2712539481779,26,30,"warping"
"847",33,0.213085438263622,0.227643855616619,6.39526040075279,26,35,"warping"
"848",34,0.239556498555143,0.246444963429972,2.79513315222869,26,40,"warping"
"849",35,0.250731116936052,0.2621021194115,4.33838631331152,26,45,"warping"
"850",36,0.252687926106492,0.268066512268877,5.73685464559625,26,50,"warping"
"851",28,0.0742022573780609,0.0706434002579151,-5.03777721224155,27,5,"warping"
"852",29,0.110409003256075,0.109582877312106,-0.753882325626948,27,10,"warping"
"853",30,0.155812765844137,0.155763994555866,-0.0313110153665668,27,15,"warping"
"854",31,0.187272141548069,0.187913732866973,0.341428648728911,27,20,"warping"
"855",32,0.205604688662491,0.206127712838425,0.253737922344845,27,25,"warping"
"856",33,0.225872749573737,0.226193220499643,0.141680164064195,27,30,"warping"
"857",34,0.244886281771764,0.244849610986009,-0.0149768609423595,27,35,"warping"
"858",35,0.259730981979432,0.260487690688063,0.290496916239033,27,40,"warping"
"859",36,0.26554823478984,0.266442083763057,0.335475898023711,27,45,"warping"
"860",37,0.275203630063268,0.276721632692495,0.548566664072043,27,50,"warping"
"861",29,0.0654709783033674,0.0680224007221151,3.75085617629221,28,5,"warping"
"862",30,0.107488487755666,0.130984262413467,17.9378607970733,28,10,"warping"
"863",31,0.13833279437646,0.170454656727236,18.8448136105651,28,15,"warping"
"864",32,0.15787284123623,0.192454581654997,17.9687800214389,28,20,"warping"
"865",33,0.17847939376858,0.216212939020772,17.45202920005,28,25,"warping"
"866",34,0.204425839853968,0.237443635416913,13.9055298344686,28,30,"warping"
"867",35,0.220230704035564,0.253895949160281,13.2594652400165,28,35,"warping"
"868",36,0.223975429456001,0.259937357838384,13.8348441645477,28,40,"warping"
"869",37,0.237009596852111,0.272282667461592,12.9545780266961,28,45,"warping"
"870",38,0.247620017365317,0.281918505955178,12.1661004387255,28,50,"warping"
"871",30,0.0932753986858271,0.104705424883336,10.916364849524,29,5,"warping"
"872",31,0.125094999900076,0.150347244736975,16.795947861284,29,10,"warping"
"873",32,0.143625996950413,0.176591582472099,18.6676992528193,29,15,"warping"
"874",33,0.165115211291995,0.203194500417703,18.7403148448555,29,20,"warping"
"875",34,0.19209655124442,0.228789591109386,16.0378973916794,29,25,"warping"
"876",35,0.208992916147892,0.245779787614848,14.967411203318,29,30,"warping"
"877",36,0.215168980106334,0.251104042181722,14.3108258087625,29,35,"warping"
"878",37,0.228008602907873,0.265042411700467,13.9727859232007,29,40,"warping"
"879",38,0.240242818831282,0.27676089499783,13.1948106927588,29,45,"warping"
"880",39,0.272239716059211,0.29539688386982,7.8393405872264,29,50,"warping"
"881",31,0.093691509754086,0.0946891123625098,1.0535557716546,30,5,"warping"
"882",32,0.137954249662705,0.137235760645686,-0.523543581963489,30,10,"warping"
"883",33,0.169344241118498,0.177472316150999,4.57991150889415,30,15,"warping"
"884",34,0.196132909018349,0.214811549968804,8.69536156373694,30,20,"warping"
"885",35,0.216442343361922,0.235956909201659,8.27039390614302,30,25,"warping"
"886",36,0.229606430659074,0.242706763399787,5.39759690138263,30,30,"warping"
"887",37,0.241859291737986,0.25613257699871,5.57261611466008,30,35,"warping"
"888",38,0.255973406821881,0.268126608153685,4.53263531564121,30,40,"warping"
"889",39,0.271979137067533,0.290626943004258,6.41640645700604,30,45,"warping"
"890",40,0.277514269903369,0.300529090106099,7.65810064995872,30,50,"warping"
"891",32,0.0761045136637769,0.0762808560518299,0.231175156101098,31,5,"warping"
"892",33,0.119006924168302,0.133326347733672,10.7401303709105,31,10,"warping"
"893",34,0.166493999891888,0.187945595851566,11.4137263299425,31,15,"warping"
"894",35,0.193880303280142,0.216174614605878,10.313103306039,31,20,"warping"
"895",36,0.212823046214455,0.226922244392215,6.2132287716098,31,25,"warping"
"896",37,0.236787759396469,0.24278985769591,2.47213716273035,31,30,"warping"
"897",38,0.255959162758437,0.254789560225689,-0.459046489860839,31,35,"warping"
"898",39,0.28519173024476,0.279446395575252,-2.05597021843187,31,40,"warping"
"899",40,0.302328453837875,0.290585655186212,-4.04107995081107,31,45,"warping"
"900",41,0.320750159781722,0.306667492571352,-4.59216172287758,31,50,"warping"
"901",33,0.0755585799231298,0.0899743074438475,16.0220488829153,32,5,"warping"
"902",34,0.13659688503037,0.165406027701532,17.4172266098714,32,10,"warping"
"903",35,0.168378202270959,0.201300228514525,16.3546889571417,32,15,"warping"
"904",36,0.181377713625462,0.216544194103652,16.2398630098377,32,20,"warping"
"905",37,0.199005386861763,0.235401240438533,15.4611987213693,32,25,"warping"
"906",38,0.212938007410608,0.248219505679953,14.2138298812165,32,30,"warping"
"907",39,0.249357813192208,0.274384359977022,9.1209815263924,32,35,"warping"
"908",40,0.26066345927268,0.285790991810449,8.79227591415296,32,40,"warping"
"909",41,0.273479885914851,0.302982039071626,9.73726140571652,32,45,"warping"
"910",42,0.288030982708458,0.315492697221346,8.70438991290545,32,50,"warping"
"911",34,0.100264310699271,0.120421405904432,16.7387974370253,33,5,"warping"
"912",35,0.139660108835702,0.169474806387262,17.5924069111676,33,10,"warping"
"913",36,0.156594492240308,0.191233982335776,18.113668748814,33,15,"warping"
"914",37,0.176119135814369,0.216422052942855,18.6223707706572,33,20,"warping"
"915",38,0.192542179794454,0.232115133069776,17.0488467304826,33,25,"warping"
"916",39,0.229859807273912,0.262893400449688,12.5653946121397,33,30,"warping"
"917",40,0.244318237141643,0.275018310299514,11.1629197068505,33,35,"warping"
"918",41,0.260427698219679,0.292981985794349,11.1113615010859,33,40,"warping"
"919",42,0.276378870393523,0.306209204629776,9.74181500269371,33,45,"warping"
"920",43,0.289405677207618,0.315711379269104,8.33219953059205,33,50,"warping"
"921",35,0.0943138696056948,0.10235683172119,7.8577677525262,34,5,"warping"
"922",36,0.135160293725635,0.143166612727968,5.59230874418025,34,10,"warping"
"923",37,0.167282497590154,0.184358400947719,9.26234078283596,34,15,"warping"
"924",38,0.193722835515073,0.206261518466242,6.07902193506903,34,20,"warping"
"925",39,0.23038154439972,0.246259192721815,6.44753527639123,34,25,"warping"
"926",40,0.246851864485566,0.259454452650171,4.85734125426561,34,30,"warping"
"927",41,0.263894024183952,0.278587707912607,5.27434747166406,34,35,"warping"
"928",42,0.280528718672438,0.29314914634022,4.30512175298486,34,40,"warping"
"929",43,0.295889761566702,0.305042362631815,3.00043606604248,34,45,"warping"
"930",44,0.313205311257648,0.314023314421079,0.260491220194762,34,50,"warping"
"931",36,0.0861657008327559,0.0851162851632988,-1.2329199605502,35,5,"warping"
"932",37,0.130272414578068,0.146853409902528,11.2908480201214,35,10,"warping"
"933",38,0.160385105293478,0.17956461789562,10.6811201599254,35,15,"warping"
"934",39,0.204281523883096,0.232308742840213,12.0646423438287,35,20,"warping"
"935",40,0.223596426626187,0.248771543790684,10.1197736609612,35,25,"warping"
"936",41,0.246095229535235,0.269531936883183,8.69533592900547,35,30,"warping"
"937",42,0.262611227863547,0.285229574202957,7.9298741733265,35,35,"warping"
"938",43,0.276636917276057,0.298162650243118,7.21945989865242,35,40,"warping"
"939",44,0.28986709885739,0.308235194291632,5.95911686089389,35,45,"warping"
"940",45,0.299547740769314,0.316234493690995,5.27670233785013,35,50,"warping"
"941",37,0.080688828222995,0.0964883205367365,16.3745127139258,36,5,"warping"
"942",38,0.112798639176189,0.141673081423395,20.3810363670388,36,10,"warping"
"943",39,0.176979097635851,0.21023155567136,15.8170632041035,36,15,"warping"
"944",40,0.194131478642697,0.231061329520974,15.9827050916905,36,20,"warping"
"945",41,0.218565914542959,0.25451568713932,14.1247767477225,36,25,"warping"
"946",42,0.235754550327242,0.272797115087385,13.578796369704,36,30,"warping"
"947",43,0.250541774959786,0.288784999610437,13.2428016352096,36,35,"warping"
"948",44,0.260427517747261,0.3006823423482,13.3878246013935,36,40,"warping"
"949",45,0.269186301657421,0.30913636311505,12.9231194464046,36,45,"warping"
"950",46,0.278273451841889,0.322270664193935,13.6522548405367,36,50,"warping"
"951",38,0.0717897694661294,0.0828546920819817,13.3546119571647,37,5,"warping"
"952",39,0.143269421022073,0.182879979768153,21.6593192958007,37,10,"warping"
"953",40,0.161817276580716,0.208794195321613,22.4991497816962,37,15,"warping"
"954",41,0.187496738638303,0.236726458174831,20.7960360308227,37,20,"warping"
"955",42,0.20756478988499,0.257406371327518,19.3629944688163,37,25,"warping"
"956",43,0.223315503268358,0.27486264569781,18.7537823841383,37,30,"warping"
"957",44,0.238199210745964,0.288787800988892,17.51756482431,37,35,"warping"
"958",45,0.249037485130251,0.299518443505571,16.8540400332246,37,40,"warping"
"959",46,0.264004606020425,0.31460770651718,16.084507610112,37,45,"warping"
"960",47,0.283247637236394,0.330576006388848,14.3169402006699,37,50,"warping"
"961",39,0.13304890830067,0.154190129385768,13.7111377812036,38,5,"warping"
"962",40,0.151681956738433,0.186566419808067,18.6981468077276,38,10,"warping"
"963",41,0.181609771212895,0.221671775379727,18.0726680689073,38,15,"warping"
"964",42,0.201313111843218,0.24528218850948,17.9259150179029,38,20,"warping"
"965",43,0.218519159343065,0.26507007752668,17.5617401322595,38,25,"warping"
"966",44,0.230204504734377,0.280126112670704,17.8211190168518,38,30,"warping"
"967",45,0.237668348755151,0.292245384907957,18.6750720357809,38,35,"warping"
"968",46,0.251886277911283,0.309005470825356,18.4848484272811,38,40,"warping"
"969",47,0.27108462885232,0.325721686413416,16.7741540831118,38,45,"warping"
"970",48,0.273545572071639,0.327812821591835,16.5543401434631,38,50,"warping"
"971",40,0.134340325293636,0.0848633313039266,-58.3019700375826,39,5,"warping"
"972",41,0.187818670530914,0.148524758878781,-26.4561356293485,39,10,"warping"
"973",42,0.227141488944666,0.188238208130018,-20.6670479926038,39,15,"warping"
"974",43,0.257710544991857,0.220774527516197,-16.7301988554592,39,20,"warping"
"975",44,0.282598961427674,0.244662757689028,-15.5055081112361,39,25,"warping"
"976",45,0.303957085786793,0.262277620089858,-15.8913542385566,39,30,"warping"
"977",46,0.319801052218407,0.284813540759564,-12.2843567639146,39,35,"warping"
"978",47,0.334991507355037,0.305958936787275,-9.48904152714696,39,40,"warping"
"979",48,0.34086541772377,0.308782752108987,-10.3900445849576,39,45,"warping"
"980",49,0.357524064924307,0.335621650076392,-6.52592430879527,39,50,"warping"
"981",41,0.0919521886634571,0.103615983323038,11.256752371125,40,5,"warping"
"982",42,0.128504015501462,0.152194080042556,15.5656938393858,40,10,"warping"
"983",43,0.157611731796843,0.192922634752898,18.3031415682676,40,15,"warping"
"984",44,0.185872103877908,0.222006565218239,16.2763030475287,40,20,"warping"
"985",45,0.206047186343323,0.243524508006894,15.389548251345,40,25,"warping"
"986",46,0.240947645765631,0.269417373233428,10.5671461072148,40,30,"warping"
"987",47,0.265825954338548,0.293301292189448,9.36761568481361,40,35,"warping"
"988",48,0.27841577361924,0.296247673408586,6.01925395199698,40,40,"warping"
"989",49,0.29541375729644,0.32642595944563,9.50053182101628,40,45,"warping"
"990",50,0.312545311914929,0.336079053200285,7.0024421520051,40,50,"warping"
"991",42,0.0793132208399079,0.0906967915639798,12.5512386135971,41,5,"warping"
"992",43,0.121480484029329,0.148472862840318,18.1800083157417,41,10,"warping"
"993",44,0.155731698764253,0.186468742688956,16.4837513684396,41,15,"warping"
"994",45,0.192870254316211,0.214499072259066,10.0834086204028,41,20,"warping"
"995",46,0.223067030284621,0.247083259246757,9.71989321953669,41,25,"warping"
"996",47,0.252931372115046,0.275525231149526,8.20028675421695,41,30,"warping"
"997",48,0.268245596422383,0.27956008298754,4.04724681873155,41,35,"warping"
"998",49,0.298756280268717,0.313876185780317,4.81715599863402,41,40,"warping"
"999",50,0.310576501042819,0.325720003991158,4.64923945805624,41,45,"warping"
"1000",51,0.323049572047387,0.338225627355468,4.48696198059861,41,50,"warping"
"1001",43,0.0825516807824044,0.100907507153829,18.1907440676755,42,5,"warping"
"1002",44,0.115171901955295,0.151431552194383,23.9445807123101,42,10,"warping"
"1003",45,0.144331295982541,0.18825621902078,23.3325216381777,42,15,"warping"
"1004",46,0.180928911454195,0.228246152212912,20.7307944953126,42,20,"warping"
"1005",47,0.213030957844159,0.259893803312045,18.0315362931602,42,25,"warping"
"1006",48,0.224617305655642,0.264787265554822,15.1706540021894,42,30,"warping"
"1007",49,0.258747483079546,0.302183973764328,14.3741874010359,42,35,"warping"
"1008",50,0.276282880396162,0.316315086582983,12.6558004612653,42,40,"warping"
"1009",51,0.290096452925574,0.330219708678934,12.1504727606585,42,45,"warping"
"1010",52,0.322032478175727,0.357918997819339,10.026436110476,42,50,"warping"
"1011",44,0.082987667758529,0.0901268106614231,7.92121994609732,43,5,"warping"
"1012",45,0.128494062119617,0.143755239904499,10.6160845302197,43,10,"warping"
"1013",46,0.170737678911247,0.195235839435284,12.5479832979937,43,15,"warping"
"1014",47,0.217026613575386,0.232944864721247,6.83348446633895,43,20,"warping"
"1015",48,0.251717214349754,0.239054686212172,-5.29691692650753,43,25,"warping"
"1016",49,0.292177872194319,0.280593652814885,-4.12846807588949,43,30,"warping"
"1017",50,0.324620593924662,0.297444293944261,-9.13660155319472,43,35,"warping"
"1018",51,0.351221052899737,0.31308665893008,-12.1801401886543,43,40,"warping"
"1019",52,0.383150071120964,0.344773350188207,-11.1309998037284,43,45,"warping"
"1020",53,0.413721054576631,0.361795797377471,-14.3520896526572,43,50,"warping"
"1021",45,0.0799591958438803,0.0944000794491191,15.2975333172493,44,5,"warping"
"1022",46,0.119637335309677,0.159657511567731,25.066265824315,44,10,"warping"
"1023",47,0.157897954388269,0.204119296001138,22.6442783795465,44,15,"warping"
"1024",48,0.164536883403084,0.211583574504261,22.2355120010648,44,20,"warping"
"1025",49,0.206105332293951,0.259727108712202,20.64542922921,44,25,"warping"
"1026",50,0.222794216711296,0.278260809313852,19.9333110326704,44,30,"warping"
"1027",51,0.235520582964632,0.295372515647614,20.26320307824,44,35,"warping"
"1028",52,0.274617058829199,0.332872595747983,17.5008509750945,44,40,"warping"
"1029",53,0.299904934937723,0.352517490346224,14.924807094487,44,45,"warping"
"1030",54,0.314795173088788,0.367413811662001,14.3213556222047,44,50,"warping"
"1031",46,0.109689812653683,0.113695364901125,3.52305676746446,45,5,"warping"
"1032",47,0.153437071791663,0.169297037776802,9.36812964562823,45,10,"warping"
"1033",48,0.180834861130259,0.178226945213119,-1.46325569011,45,15,"warping"
"1034",49,0.204832077565991,0.234062030239849,12.4881223340265,45,20,"warping"
"1035",50,0.238194139306575,0.25446567941473,6.39439477480001,45,25,"warping"
"1036",51,0.250087966523781,0.273899280758457,8.69345628390825,45,30,"warping"
"1037",52,0.280148275025923,0.316247905921921,11.4149786354351,45,35,"warping"
"1038",53,0.300821063092331,0.342211528151814,12.0949943688401,45,40,"warping"
"1039",54,0.315917959286901,0.358582159344271,11.8980264203296,45,45,"warping"
"1040",55,0.32342406836845,0.362269939409827,10.7229076485509,45,50,"warping"
"1041",47,0.0981828600113075,0.10380491317852,5.41597983666109,46,5,"warping"
"1042",48,0.146126212569819,0.11641302332643,-25.5239391559062,46,10,"warping"
"1043",49,0.211870413224688,0.195304516076818,-8.48208606776624,46,15,"warping"
"1044",50,0.244181737646369,0.219427489162138,-11.2812886747931,46,20,"warping"
"1045",51,0.279745334188079,0.242990217910104,-15.1261711661053,46,25,"warping"
"1046",52,0.311095122108978,0.2949618076972,-5.46962826737899,46,30,"warping"
"1047",53,0.327820719296386,0.328283080587471,0.140842254269528,46,35,"warping"
"1048",54,0.334858976287033,0.349269695221329,4.1259574281598,46,40,"warping"
"1049",55,0.330683930664918,0.353765030776079,6.52441538965191,46,45,"warping"
"1050",56,0.338267546477637,0.361029764700918,6.30480377210385,46,50,"warping"
"1051",48,0.102610399083134,0.0405148367885149,-153.266228415911,47,5,"warping"
"1052",49,0.121927937733729,0.150820267205704,19.156795043049,47,10,"warping"
"1053",50,0.153518171562848,0.178482909545984,13.9871868105694,47,15,"warping"
"1054",51,0.171894473442284,0.210878189958089,18.4863671883533,47,20,"warping"
"1055",52,0.208905940556988,0.27459594133927,23.9224223278378,47,25,"warping"
"1056",53,0.237706270426339,0.315684554579409,24.70133017973,47,30,"warping"
"1057",54,0.257903704897778,0.340591900960666,24.2777928158772,47,35,"warping"
"1058",55,0.264261713080045,0.346036545757814,23.6318486241631,47,40,"warping"
"1059",56,0.277178870046041,0.354698140677393,21.8549977407009,47,45,"warping"
"1060",57,0.290074395629811,0.360516035704378,19.5391142413229,47,50,"warping"
"1061",49,0.150375639649512,0.145247950071593,-3.53030082379256,48,5,"warping"
"1062",50,0.165033623846779,0.16886191400076,2.2671128517257,48,10,"warping"
"1063",51,0.198798511060823,0.202797692294562,1.9720052967521,48,15,"warping"
"1064",52,0.262138293654323,0.268699538518398,2.44185192883233,48,20,"warping"
"1065",53,0.301210350087775,0.31053291129927,3.00211696482956,48,25,"warping"
"1066",54,0.326150249118409,0.336437144203787,3.0575979087338,48,30,"warping"
"1067",55,0.332232636867602,0.3426942879594,3.05276494513297,48,35,"warping"
"1068",56,0.33951627059686,0.351438492484816,3.39240639340933,48,40,"warping"
"1069",57,0.345609037786919,0.358063040538953,3.47815924628482,48,45,"warping"
"1070",58,0.354036791873387,0.366456859671094,3.38923053831068,48,50,"warping"
"1071",50,0.167695846698718,0.0859959126935693,-95.0044385205511,49,5,"warping"
"1072",51,0.204477979254491,0.126120228353742,-62.1294077274989,49,10,"warping"
"1073",52,0.248809595876043,0.220954278075805,-12.6068243814144,49,15,"warping"
"1074",53,0.282252424258854,0.280120643651981,-0.761022314914258,49,20,"warping"
"1075",54,0.315315495971892,0.314103580049639,-0.385833208924614,49,25,"warping"
"1076",55,0.349674668799443,0.320791963739742,-9.00356253410799,49,30,"warping"
"1077",56,0.37078632526025,0.33689488123152,-10.0599462671679,49,35,"warping"
"1078",57,0.393330784455018,0.347996833318925,-13.0271159952039,49,40,"warping"
"1079",58,0.41121127416451,0.35920132655657,-14.4793306045179,49,45,"warping"
"1080",59,0.429506415551619,0.371403125996538,-15.6442650823631,49,50,"warping"
"1081",51,0.127771150890958,0.0920667909726412,-38.7809323439187,50,5,"warping"
"1082",52,0.211358129722989,0.201743594693859,-4.76572009323039,50,10,"warping"
"1083",53,0.265656469900509,0.264519237485669,-0.429924275318932,50,15,"warping"
"1084",54,0.294205812315121,0.30158807171372,2.44779554995366,50,20,"warping"
"1085",55,0.297116621884404,0.311133564566731,4.50512071940739,50,25,"warping"
"1086",56,0.319478116621468,0.327714358855391,2.51323813295525,50,30,"warping"
"1087",57,0.329520636683046,0.340849496112287,3.32371312220129,50,35,"warping"
"1088",58,0.340425394176169,0.35366986442161,3.74486818861453,50,40,"warping"
"1089",59,0.350886782310192,0.367002435959218,4.39115713412241,50,45,"warping"
"1090",60,0.36491418717282,0.38619351366899,5.51001654429859,50,50,"warping"
"1091",52,0.14758765192251,0.16425705159901,10.148361677156,51,5,"warping"
"1092",53,0.20511762479124,0.240801256225959,14.818706510914,51,10,"warping"
"1093",54,0.241165619440251,0.283906817459532,15.0546571589015,51,15,"warping"
"1094",55,0.245735125694313,0.294021602947811,16.4227651197685,51,20,"warping"
"1095",56,0.260060779434347,0.314058016933177,17.1933956745068,51,25,"warping"
"1096",57,0.27686827012137,0.33013945992565,16.1359656359398,51,30,"warping"
"1097",58,0.290605588383981,0.345339207157253,15.8492339238933,51,35,"warping"
"1098",59,0.303737514969751,0.360031375021678,15.635820641614,51,40,"warping"
"1099",60,0.324050829346262,0.380542722962876,14.8450857703368,51,45,"warping"
"1100",61,0.33658510810789,0.395537519080049,14.9043790104342,51,50,"warping"
"1101",53,0.143485020124053,0.146690555251523,2.18523620827043,52,5,"warping"
"1102",54,0.204024657823509,0.216459455787914,5.74463144570992,52,10,"warping"
"1103",55,0.259144542678406,0.232489302979729,-11.4651467216112,52,15,"warping"
"1104",56,0.312368449110982,0.265297123994965,-17.742870486945,52,20,"warping"
"1105",57,0.351217670398287,0.293977113054741,-19.471093089103,52,25,"warping"
"1106",58,0.380089340813446,0.319075848349573,-19.1219400589127,52,30,"warping"
"1107",59,0.396363531369878,0.339351344479435,-16.8003421285687,52,35,"warping"
"1108",60,0.41274514049229,0.365389607131894,-12.9602847032542,52,40,"warping"
"1109",61,0.421663945577518,0.385592068123814,-9.35493243655657,52,45,"warping"
"1110",62,0.423520856629281,0.393749114284718,-7.56109442903664,52,50,"warping"
"1111",54,0.114024712233796,0.127611766698843,10.6471799713516,53,5,"warping"
"1112",55,0.171794318881621,0.153082497366616,-12.2233578866903,53,10,"warping"
"1113",56,0.205057828428958,0.20070093422802,-2.17083902359326,53,15,"warping"
"1114",57,0.238209342805861,0.245323947057763,2.90008551436973,53,20,"warping"
"1115",58,0.270329996485777,0.282207602661587,4.20881863698524,53,25,"warping"
"1116",59,0.298104501811026,0.31080498548125,4.08631915944288,53,30,"warping"
"1117",60,0.32767116290574,0.344951902444384,5.00960841676483,53,35,"warping"
"1118",61,0.345975513584415,0.3711739349685,6.7888445308593,53,40,"warping"
"1119",62,0.360018780065707,0.379915956495644,5.23725736962167,53,45,"warping"
"1120",63,0.380267453248368,0.385151379330258,1.26805363916441,53,50,"warping"
"1121",55,0.11957100401017,0.0669836995096568,-78.5076143680769,54,5,"warping"
"1122",56,0.146674319497313,0.1198667927326,-22.3644315106657,54,10,"warping"
"1123",57,0.173922537354996,0.185544081015806,6.26349468934015,54,15,"warping"
"1124",58,0.202250028430159,0.23764708287711,14.8947986309832,54,20,"warping"
"1125",59,0.228161541456925,0.277776849287337,17.8615705224194,54,25,"warping"
"1126",60,0.259373626261422,0.321070721181487,19.216045204318,54,30,"warping"
"1127",61,0.274931653324967,0.356903303431055,22.9674674675358,54,35,"warping"
"1128",62,0.286226534409373,0.367636619503553,22.144171928279,54,40,"warping"
"1129",63,0.300745736461882,0.374334366576193,19.658529027773,54,45,"warping"
"1130",64,0.311681626022453,0.390217901947104,20.1262616432441,54,50,"warping"
"1131",56,0.117914575010895,0.0993274634730999,-18.7129630495688,55,5,"warping"
"1132",57,0.172185109693028,0.166095641122818,-3.6662422499738,55,10,"warping"
"1133",58,0.217160371615081,0.222040577372696,2.19788914952391,55,15,"warping"
"1134",59,0.253683738146535,0.265355495514979,4.39853613952555,55,20,"warping"
"1135",60,0.289960733548527,0.312954792262397,7.34740584978494,55,25,"warping"
"1136",61,0.323518110775888,0.350851214904552,7.7905114668334,55,30,"warping"
"1137",62,0.333627672713161,0.361765289932575,7.77786537361234,55,35,"warping"
"1138",63,0.337518251358352,0.369533721059391,8.6637478196187,55,40,"warping"
"1139",64,0.353176106213317,0.385801231205915,8.45645953244386,55,45,"warping"
"1140",65,0.386797255677958,0.417937075407291,7.45083926784584,55,50,"warping"
"1141",57,0.0905158936320025,0.108769853360203,16.7821865749421,56,5,"warping"
"1142",58,0.139475922653338,0.181582832338302,23.1888164441205,56,10,"warping"
"1143",59,0.175969420638928,0.234547771253534,24.975019076726,56,15,"warping"
"1144",60,0.229147696911839,0.29019350785295,21.0362428135521,56,20,"warping"
"1145",61,0.267620066512211,0.336632597946188,20.5008462801958,56,25,"warping"
"1146",62,0.27556731845413,0.350453861442559,21.3684456721852,56,30,"warping"
"1147",63,0.28053051883886,0.358462597769977,21.7406444677738,56,35,"warping"
"1148",64,0.292778426459328,0.376699482346339,22.2779854552213,56,40,"warping"
"1149",65,0.328952843124968,0.411385471303983,20.0378073434934,56,45,"warping"
"1150",66,0.336268360093542,0.419966303410166,19.9296806998536,56,50,"warping"
"1151",58,0.0823781342347592,0.111919216401832,26.3950044655503,57,5,"warping"
"1152",59,0.118916958420572,0.182055422879957,34.6809029143929,57,10,"warping"
"1153",60,0.174006149316626,0.25171221861483,30.870996142269,57,15,"warping"
"1154",61,0.218482131992527,0.309538878010501,29.4169012316718,57,20,"warping"
"1155",62,0.223097214236306,0.327404352445107,31.8588123309356,57,25,"warping"
"1156",63,0.222259760190638,0.336700252450158,33.9888347058666,57,30,"warping"
"1157",64,0.236610099108216,0.358153201856412,33.9360648231546,57,35,"warping"
"1158",65,0.288296680521993,0.399554579500724,27.8454821160495,57,40,"warping"
"1159",66,0.303841399417525,0.409488822802284,25.7998307894643,57,45,"warping"
"1160",67,0.307593538618743,0.417297214225065,26.289098481054,57,50,"warping"
"1161",59,0.083442668941016,0.113400388006391,26.4176512902994,58,5,"warping"
"1162",60,0.149647512508561,0.207169184484566,27.765554090063,58,10,"warping"
"1163",61,0.199850984485941,0.279644687058417,28.5339597944183,58,15,"warping"
"1164",62,0.208429342943838,0.302130089530983,31.0133779566952,58,20,"warping"
"1165",63,0.206468588409956,0.312950195718105,34.025096889239,58,25,"warping"
"1166",64,0.222775487879614,0.338328401113474,34.154068311606,58,30,"warping"
"1167",65,0.284424745758874,0.387562704604042,26.6119411439603,58,35,"warping"
"1168",66,0.302232696775183,0.400388827266696,24.5152021752423,58,40,"warping"
"1169",67,0.308871279014414,0.408464830799421,24.3824056015029,58,45,"warping"
"1170",68,0.321440277501125,0.414322986328299,22.4179473242107,58,50,"warping"
