start_step,end_step,forecast_horizon,forecast_MSE,persistence_MSE,percent_improvement,method
2,3,5,0.004487876,0.001141171,-293.269503,warping
2,4,10,0.010854639,0.003273834,-231.5574298,warping
2,5,15,0.019501615,0.005157753,-278.1029238,warping
2,6,20,0.027340774,0.005818447,-369.8981605,warping
2,7,25,0.034892311,0.007494182,-365.5920146,warping
2,8,30,0.041140592,0.009985034,-312.0225479,warping
2,9,35,0.046115686,0.01219914,-278.02409,warping
2,10,40,0.050113183,0.013677059,-266.4032101,warping
2,11,45,0.051140195,0.01478921,-245.793955,warping
2,12,50,0.052426201,0.015359149,-241.3353134,warping
3,4,5,0.001524907,0.001787318,14.68184885,warping
3,5,10,0.004448308,0.004469799,0.480803696,warping
3,6,15,0.007635709,0.006014399,-26.95714943,warping
3,7,20,0.011742979,0.008030867,-46.22305216,warping
3,8,25,0.015182675,0.010520956,-44.30889749,warping
3,9,30,0.018241782,0.012822253,-42.26659453,warping
3,10,35,0.020557021,0.014168462,-45.0899949,warping
3,11,40,0.020612973,0.014892473,-38.41201784,warping
3,12,45,0.021344624,0.015632203,-36.5426493,warping
3,13,50,0.02239526,0.016235823,-37.93733092,warping
4,5,5,0.002094946,0.002165429,3.254912574,warping
4,6,10,0.004437427,0.004503703,1.471584117,warping
4,7,15,0.008557787,0.00708066,-20.86143114,warping
4,8,20,0.014754234,0.009572218,-54.13600312,warping
4,9,25,0.021946532,0.011990007,-83.04019582,warping
4,10,30,0.027906076,0.013355774,-108.9439117,warping
4,11,35,0.033656836,0.01432691,-134.9204065,warping
4,12,40,0.037742749,0.015080229,-150.279676,warping
4,13,45,0.041590716,0.015842801,-162.5212326,warping
4,14,50,0.046339259,0.018160258,-155.1685041,warping
5,6,5,0.001994319,0.001891049,-5.461019466,warping
5,7,10,0.005164212,0.004881061,-5.80100124,warping
5,8,15,0.009339981,0.007881638,-18.50303233,warping
5,9,20,0.013370048,0.010785149,-23.96721117,warping
5,10,25,0.01596791,0.012529843,-27.43902017,warping
5,11,30,0.018391029,0.013713426,-34.10966344,warping
5,12,35,0.018370188,0.014657703,-25.32788088,warping
5,13,40,0.019156365,0.015663926,-22.29606457,warping
5,14,45,0.021822924,0.018243824,-19.61814556,warping
5,15,50,0.024611984,0.020148366,-22.15374296,warping
6,7,5,0.001860581,0.001920625,3.126284477,warping
6,8,10,0.005220714,0.005120747,-1.952196722,warping
6,9,15,0.00895636,0.00850958,-5.250310777,warping
6,10,20,0.011269491,0.010592153,-6.394709361,warping
6,11,25,0.013226464,0.012338501,-7.196684395,warping
6,12,30,0.013559006,0.013452354,-0.792813422,warping
6,13,35,0.014183384,0.014621994,2.999660347,warping
6,14,40,0.016620829,0.01736884,4.306628505,warping
6,15,45,0.018993767,0.019404409,2.116227375,warping
6,16,50,0.020391842,0.020431921,0.196156491,warping
7,8,5,0.002512245,0.002283566,-10.01412722,warping
7,9,10,0.006150606,0.00649662,5.326068096,warping
7,10,15,0.009358962,0.009241958,-1.266005987,warping
7,11,20,0.011355022,0.011368267,0.116508702,warping
7,12,25,0.012989898,0.013573758,4.301385617,warping
7,13,30,0.014125526,0.014755648,4.270376246,warping
7,14,35,0.017207248,0.017566843,2.047008472,warping
7,15,40,0.020316624,0.019670524,-3.284611189,warping
7,16,45,0.022398216,0.020697565,-8.216675033,warping
7,17,50,0.024428406,0.022277157,-9.656749257,warping
8,9,5,0.002715965,0.002926952,7.208402908,warping
8,10,10,0.0063262,0.006269836,-0.89896356,warping
8,11,15,0.009007657,0.008491281,-6.081254196,warping
8,12,20,0.011995552,0.01236261,2.969099907,warping
8,13,25,0.014388039,0.014352889,-0.244897252,warping
8,14,30,0.018110222,0.017809411,-1.689054606,warping
8,15,35,0.021119701,0.02027338,-4.174543462,warping
8,16,40,0.023691627,0.021411468,-10.64923951,warping
8,17,45,0.026495274,0.022879044,-15.80585801,warping
8,18,50,0.028644518,0.024210887,-18.31254939,warping
9,10,5,0.002543432,0.002621346,2.972287417,warping
9,11,10,0.006116454,0.005063708,-20.79001461,warping
9,12,15,0.008865959,0.011093711,20.08121529,warping
9,13,20,0.012218993,0.014094381,13.30592431,warping
9,14,25,0.016078606,0.017945002,10.40064683,warping
9,15,30,0.019170808,0.020847741,8.043713783,warping
9,16,35,0.020515838,0.02226241,7.845386782,warping
9,17,40,0.02173,0.023901004,9.083317185,warping
9,18,45,0.022936235,0.025029266,8.362336543,warping
9,19,50,0.024564771,0.026906796,8.704213632,warping
10,11,5,0.003467533,0.001960966,-76.82780336,warping
10,12,10,0.005759453,0.00888808,35.20025582,warping
10,13,15,0.00883175,0.012652119,30.19548563,warping
10,14,20,0.012884692,0.016926911,23.88043052,warping
10,15,25,0.016486883,0.020210885,18.4257241,warping
10,16,30,0.018645979,0.022028485,15.35514275,warping
10,17,35,0.021207321,0.024227412,12.46559303,warping
10,18,40,0.022985491,0.025634203,10.33272847,warping
10,19,45,0.026141623,0.027670218,5.524332731,warping
10,20,50,0.026372087,0.027800324,5.137484,warping
11,12,5,0.006649598,0.006352863,-4.670885046,warping
11,13,10,0.010009426,0.010275567,2.590031363,warping
11,14,15,0.014138837,0.014802452,4.483138634,warping
11,15,20,0.017798596,0.01818465,2.122969467,warping
11,16,25,0.020435307,0.020239071,-0.969590807,warping
11,17,30,0.022738496,0.022348612,-1.744553583,warping
11,18,35,0.024484509,0.023755403,-3.069218528,warping
11,19,40,0.026517406,0.026248363,-1.024989917,warping
11,20,45,0.026594185,0.026925734,1.231347196,warping
11,21,50,0.025703175,0.026509835,3.042871652,warping
12,13,5,0.004646803,0.003257464,-42.65094228,warping
12,14,10,0.013267551,0.008335645,-59.16645721,warping
12,15,15,0.022260069,0.013038692,-70.72317145,warping
12,16,20,0.027115831,0.016045199,-68.99654101,warping
12,17,25,0.028728711,0.018440018,-55.79546212,warping
12,18,30,0.028546633,0.020539444,-38.98445026,warping
12,19,35,0.028772338,0.024050601,-19.63250784,warping
12,20,40,0.026995408,0.025140413,-7.37853845,warping
12,21,45,0.025469402,0.024770588,-2.821143215,warping
12,22,50,0.029063151,0.031398036,7.436405983,warping
13,14,5,0.002654595,0.00337598,21.36815689,warping
13,15,10,0.00720183,0.008813096,18.28262873,warping
13,16,15,0.01123829,0.012458119,9.791437704,warping
13,17,20,0.015311821,0.015551379,1.540429208,warping
13,18,25,0.018497085,0.017537901,-5.469205193,warping
13,19,30,0.024470297,0.022618265,-8.188214436,warping
13,20,35,0.026633556,0.023989397,-11.0221998,warping
13,21,40,0.027086212,0.023968098,-13.00943348,warping
13,22,45,0.031293177,0.030676664,-2.0097126,warping
13,23,50,0.03519839,0.036097198,2.489967651,warping
14,15,5,0.004138282,0.004068845,-1.70654847,warping
14,16,10,0.008537641,0.008247653,-3.516010017,warping
14,17,15,0.014781766,0.01200825,-23.09675022,warping
14,18,20,0.021655931,0.014297794,-51.46344174,warping
14,19,25,0.031893935,0.020965259,-52.12755156,warping
14,20,30,0.038578344,0.023537373,-63.90250263,warping
14,21,35,0.043472633,0.023739072,-83.12692869,warping
14,22,40,0.052756847,0.031029619,-70.02093301,warping
14,23,45,0.060599154,0.036681872,-65.2019117,warping
14,24,50,0.07282194,0.04483058,-62.43809451,warping
15,16,5,0.002682207,0.002937928,8.704144749,warping
15,17,10,0.00672337,0.00711827,5.54770318,warping
15,18,15,0.011078445,0.009927168,-11.59723663,warping
15,19,20,0.018164124,0.017539662,-3.56028917,warping
15,20,25,0.022511502,0.021165622,-6.358802114,warping
15,21,30,0.02633763,0.021751551,-21.08391753,warping
15,22,35,0.034076745,0.030137285,-13.07171563,warping
15,23,40,0.040608353,0.036370638,-11.65147101,warping
15,24,45,0.049192545,0.045522934,-8.061015612,warping
15,25,50,0.051916751,0.046727087,-11.10632732,warping
16,17,5,0.00320458,0.003055431,-4.881424308,warping
16,18,10,0.005779097,0.005923269,2.433991348,warping
16,19,15,0.011928496,0.013576834,12.14080942,warping
16,20,20,0.015181009,0.017682635,14.14736267,warping
16,21,25,0.016708456,0.018530099,9.830722519,warping
16,22,30,0.024519999,0.027388915,10.47473283,warping
16,23,35,0.030265818,0.03380922,10.48058108,warping
16,24,40,0.040569644,0.044490366,8.812518442,warping
16,25,45,0.043178272,0.046270812,6.68356607,warping
16,26,50,0.046338355,0.047758218,2.973021694,warping
17,18,5,0.002423484,0.001943275,-24.71134132,warping
17,19,10,0.007285966,0.009209606,20.8873255,warping
17,20,15,0.010828916,0.014108458,23.24521551,warping
17,21,20,0.011935028,0.015301165,21.99922003,warping
17,22,25,0.018702089,0.02404477,22.21972192,warping
17,23,30,0.023953038,0.03032224,21.00505118,warping
17,24,35,0.03272464,0.041846602,21.79857351,warping
17,25,40,0.034950327,0.044561527,21.56838074,warping
17,26,45,0.037569701,0.046658504,19.47941359,warping
17,27,50,0.037347551,0.047065103,20.6470441,warping
18,19,5,0.005651358,0.006155827,8.194997159,warping
18,20,10,0.009113631,0.011529357,20.95281862,warping
18,21,15,0.010186569,0.012722064,19.92990013,warping
18,22,20,0.017195571,0.022128691,22.2928704,warping
18,23,25,0.022320677,0.028222112,20.91067547,warping
18,24,30,0.032695298,0.040021475,18.30561385,warping
18,25,35,0.035142376,0.043474656,19.16583286,warping
18,26,40,0.0382656,0.046238404,17.24281859,warping
18,27,45,0.03796149,0.046645003,18.61616953,warping
18,28,50,0.042021379,0.050657944,17.04878611,warping
19,20,5,0.003034186,0.003753714,19.16844389,warping
19,21,10,0.006111783,0.005507379,-10.97442843,warping
19,22,15,0.01228306,0.016318156,24.72764805,warping
19,23,20,0.017525063,0.022618409,22.51858882,warping
19,24,25,0.025186036,0.034445319,26.88110701,warping
19,25,30,0.027894756,0.038432672,27.41916048,warping
19,26,35,0.031398907,0.041770584,24.83009776,warping
19,27,40,0.03211805,0.042204532,23.89904978,warping
19,28,45,0.036299227,0.046484718,21.91148241,warping
19,29,50,0.039413545,0.050634256,22.16031605,warping
20,21,5,0.002679548,0.001125817,-138.0090854,warping
20,22,10,0.00756516,0.010338282,26.8238164,warping
20,23,15,0.013065223,0.016947395,22.90719097,warping
20,24,20,0.022174517,0.028826882,23.07694771,warping
20,25,25,0.024293328,0.032785927,25.90318339,warping
20,26,30,0.02667381,0.036532202,26.98548677,warping
20,27,35,0.027651217,0.036931187,25.12773074,warping
20,28,40,0.031799418,0.041565746,23.49609694,warping
20,29,45,0.035691116,0.045886172,22.21814356,warping
20,30,50,0.041893443,0.053946146,22.34210145,warping
21,22,5,0.008877091,0.008587483,-3.372440881,warping
21,23,10,0.014980661,0.015160509,1.186287004,warping
21,24,15,0.027025189,0.027245203,0.807532624,warping
21,25,20,0.031185212,0.031151324,-0.108783326,warping
21,26,25,0.035016781,0.034820766,-0.562925823,warping
21,27,30,0.03521794,0.035193897,-0.068316632,warping
21,28,35,0.039719325,0.039820491,0.254054105,warping
21,29,40,0.043372812,0.044084911,1.615288951,warping
21,30,45,0.051423471,0.05214251,1.378988137,warping
21,31,50,0.057417607,0.059503187,3.504988976,warping
22,23,5,0.004776033,0.003803613,-25.56567861,warping
22,24,10,0.011671547,0.016631722,29.82358515,warping
22,25,15,0.016977411,0.021609786,21.43646949,warping
22,26,20,0.02308027,0.026325688,12.32795033,warping
22,27,25,0.027716156,0.026699611,-3.807341354,warping
22,28,30,0.035124204,0.032124122,-9.339032327,warping
22,29,35,0.044132612,0.03714229,-18.82038484,warping
22,30,40,0.054213698,0.047335403,-14.53097414,warping
22,31,45,0.064492546,0.055351279,-16.51500421,warping
22,32,50,0.073043571,0.059989088,-21.76142992,warping
23,24,5,0.007649354,0.011034422,30.67734211,warping
23,25,10,0.010342034,0.016878695,38.72728921,warping
23,26,15,0.014516949,0.0224154,35.23671462,warping
23,27,20,0.016521604,0.022902498,27.86112614,warping
23,28,25,0.023292386,0.028866557,19.31013611,warping
23,29,30,0.031482469,0.034002106,7.410237256,warping
23,30,35,0.04424547,0.045102955,1.901170846,warping
23,31,40,0.05774847,0.053486903,-7.967496841,warping
23,32,45,0.069620583,0.058639672,-18.72607805,warping
23,33,50,0.082934971,0.064729967,-28.12453752,warping
24,25,5,0.005930838,0.003985817,-48.79853723,warping
24,26,10,0.016118226,0.009955906,-61.89613647,warping
24,27,15,0.02746793,0.010690416,-156.9397646,warping
24,28,20,0.037960623,0.017806583,-113.1830852,warping
24,29,25,0.048210298,0.024303278,-98.36952948,warping
24,30,30,0.05581291,0.035936235,-55.31095305,warping
24,31,35,0.060417232,0.045468247,-32.87785543,warping
24,32,40,0.066419417,0.051275342,-29.53481109,warping
24,33,45,0.069998398,0.058597642,-19.45599786,warping
24,34,50,0.079306869,0.067201022,-18.01438011,warping
25,26,5,0.002651808,0.004008661,33.8480372,warping
25,27,10,0.005046635,0.004640595,-8.749734009,warping
25,28,15,0.009215202,0.011972444,23.02990222,warping
25,29,20,0.013890427,0.019052759,27.09493246,warping
25,30,25,0.018451193,0.031077725,40.62888067,warping
25,31,30,0.02562769,0.041229661,37.84161843,warping
25,32,35,0.031781075,0.047690446,33.35966063,warping
25,33,40,0.038915535,0.055662001,30.08599238,warping
25,34,45,0.047345714,0.064157903,26.20439289,warping
25,35,50,0.052011975,0.071781293,27.5410453,warping
26,27,5,0.003961806,0.000568959,-596.3249839,warping
26,28,10,0.007359443,0.005809045,-26.68938157,warping
26,29,15,0.012581165,0.012855846,2.1366232,warping
26,30,20,0.018194728,0.025148031,27.64949462,warping
26,31,25,0.027538764,0.03600043,23.50434718,warping
26,32,30,0.036265747,0.043100838,15.85837278,warping
26,33,35,0.045405404,0.051821725,12.38152649,warping
26,34,40,0.057387316,0.06073512,5.512139044,warping
26,35,45,0.062866093,0.068697521,8.488557858,warping
26,36,50,0.063851188,0.071859655,11.14459463,warping
27,28,5,0.005505975,0.00499049,-10.32934094,warping
27,29,10,0.012190148,0.012008407,-1.513450467,warping
27,30,15,0.024277618,0.024262422,-0.062633193,warping
27,31,20,0.035070855,0.035311571,0.68169188,warping
27,32,25,0.042273288,0.042488634,0.506832839,warping
27,33,30,0.051018499,0.051163373,0.283160171,warping
27,34,35,0.059969291,0.059951332,-0.029956363,warping
27,35,40,0.067460183,0.067853837,0.580149726,warping
27,36,45,0.070515865,0.070991384,0.669827541,warping
27,37,50,0.075737038,0.076574862,1.09412353,warping
28,29,5,0.004286449,0.004627047,7.361025028,warping
28,30,10,0.011553775,0.017156877,32.6580577,warping
28,31,15,0.019135962,0.02905479,34.13835828,warping
28,32,20,0.024923834,0.037038766,32.70878915,warping
28,33,25,0.031854894,0.046748035,31.8583247,warping
28,34,30,0.041789924,0.05637948,25.87742296,warping
28,35,35,0.048501563,0.064463153,24.76079613,warping
28,36,40,0.050164993,0.06756743,25.75565996,warping
28,37,45,0.056173549,0.074137851,24.23094601,warping
28,38,50,0.061315673,0.079478044,22.85206066,warping
29,30,5,0.0087003,0.010963226,20.64106199,warping
29,31,10,0.015648759,0.022604294,30.77085942,warping
29,32,15,0.020628427,0.031184587,33.85056991,warping
29,33,20,0.027263033,0.041288005,33.96863507,warping
29,34,25,0.036901085,0.052344677,29.50365339,warping
29,35,30,0.043678039,0.060407704,27.69458823,warping
29,36,35,0.04629769,0.06305324,26.5736545,warping
29,37,40,0.051987923,0.07024748,25.99318476,warping
29,38,45,0.057716612,0.076596593,24.64859042,warping
29,39,50,0.074114463,0.087259319,15.06412844,warping
30,31,5,0.008778099,0.008966028,2.096015955,warping
30,32,10,0.019031375,0.018833654,-1.049831028,warping
30,33,15,0.028677472,0.031496423,8.950065833,warping
30,34,20,0.038468118,0.046144002,16.634629,warping
30,35,25,0.046847288,0.055675663,15.85679324,warping
30,36,30,0.052719113,0.058906573,10.50385391,warping
30,37,35,0.058495917,0.065603897,10.8346913,warping
30,38,40,0.065522385,0.071891878,8.859822013,warping
30,39,45,0.073972651,0.08446402,12.4211103,warping
30,40,50,0.07701417,0.090317734,14.7297371,warping
31,32,5,0.005791897,0.005818769,0.461818602,warping
31,33,10,0.014162648,0.017775915,20.32675394,warping
31,34,15,0.027720252,0.035323547,21.5247229,warping
31,35,20,0.037589572,0.046731464,19.56260554,warping
31,36,25,0.045293649,0.051493705,12.04041492,warping
31,37,30,0.056068443,0.058946915,4.8831593,warping
31,38,35,0.065515093,0.06491772,-0.920200168,warping
31,39,40,0.081334323,0.078090288,-4.15421028,warping
31,40,45,0.091402494,0.084440023,-8.245463941,warping
31,41,50,0.102880665,0.094044951,-9.395203349,warping
32,33,5,0.005709099,0.008095376,29.47703183,warping
32,34,10,0.018658709,0.027359154,31.80085547,warping
32,35,15,0.028351219,0.040521782,30.03461763,warping
32,36,20,0.032897875,0.046891388,29.84239469,warping
32,37,25,0.039603144,0.055413744,28.53191131,warping
32,38,30,0.045342595,0.061612923,26.40733042,warping
32,39,35,0.062179319,0.075286777,17.41004088,warping
32,40,40,0.067945439,0.081676491,16.81151089,warping
32,41,45,0.074791248,0.091798116,18.52638004,warping
32,42,50,0.082961847,0.099535642,16.65111646,warping
33,34,5,0.010052932,0.014501315,30.67571846,warping
33,35,10,0.019504946,0.02872171,32.08988388,warping
33,36,15,0.024521835,0.036570436,32.94628775,warping
33,37,20,0.03101795,0.046838505,33.77681487,warping
33,38,25,0.037072491,0.053877435,31.19106133,warping
33,39,30,0.052835531,0.06911294,23.55189875,warping
33,40,35,0.059691401,0.075635071,21.07973154,warping
33,41,40,0.067822586,0.085838444,20.98810024,warping
33,42,45,0.07638528,0.093764077,18.53460073,warping
33,43,50,0.083755646,0.099673675,15.97014414,warping
34,35,5,0.008895106,0.010476921,15.09809568,warping
34,36,10,0.018268305,0.020496679,10.87187676,warping
34,37,15,0.027983434,0.03398802,17.66677214,warping
34,38,20,0.037528537,0.042543814,11.78849886,warping
34,39,25,0.053075656,0.06064359,12.47936477,warping
34,40,30,0.060935843,0.067316613,9.478744932,warping
34,41,35,0.069640056,0.077611111,10.2705074,warping
34,42,40,0.078696362,0.085936422,8.424902339,warping
34,43,45,0.087550751,0.093050843,5.910846568,warping
34,44,50,0.098097567,0.098610642,0.520304044,warping
35,36,5,0.007424528,0.007244782,-2.481040665,warping
35,37,10,0.016970902,0.021565924,21.30686186,warping
35,38,15,0.025723382,0.032243452,20.22137734,warping
35,39,20,0.041730941,0.053967352,22.67372803,warping
35,40,25,0.049995362,0.061887281,19.21544783,warping
35,41,30,0.060562862,0.072647465,16.63458267,warping
35,42,35,0.068964657,0.08135591,15.2309185,warping
35,43,40,0.076527984,0.088900966,13.91771402,warping
35,44,45,0.084022935,0.095008935,11.5631235,warping
35,45,50,0.089728849,0.100004255,10.27496851,warping
36,37,5,0.006510687,0.009309996,30.06777839,warping
36,38,10,0.012723533,0.020071262,36.60820844,warping
36,39,15,0.031321601,0.044197307,29.13233107,warping
36,40,20,0.037687031,0.053389338,29.41094114,warping
36,41,25,0.047771059,0.064778235,26.25445979,warping
36,42,30,0.055580208,0.074418266,25.31375526,warping
36,43,35,0.062771181,0.083396776,24.73188554,warping
36,44,40,0.067822492,0.090409871,24.98331119,warping
36,45,45,0.072461265,0.095565291,24.17616949,warping
36,46,50,0.077436114,0.103858381,25.44066947,warping
37,38,5,0.005153771,0.0068649,24.92576115,warping
37,39,10,0.020526127,0.033445087,38.62737668,warping
37,40,15,0.026184831,0.043595016,39.93618197,warping
37,41,20,0.035155027,0.056039416,37.26732044,warping
37,42,25,0.043083142,0.06625804,34.97673316,warping
37,43,30,0.049869814,0.075549474,33.99052152,warping
37,44,35,0.056738864,0.083398394,31.96647904,warping
37,45,40,0.062019669,0.089711298,30.86749349,warping
37,46,45,0.069698432,0.098978009,29.58190164,warping
37,47,50,0.080229224,0.109280496,26.58413287,warping
38,39,5,0.017702012,0.023774596,25.5423211,warping
38,40,10,0.023007416,0.034807029,33.90008762,warping
38,41,15,0.032982109,0.049138376,32.87912206,warping
38,42,20,0.040526969,0.060163352,32.63844561,warping
38,43,25,0.047750623,0.070262146,32.03933339,warping
38,44,30,0.052994114,0.078470639,32.46631498,warping
38,45,35,0.056486244,0.085407365,33.86256053,warping
38,46,40,0.063446697,0.095484381,33.55280108,warping
38,47,45,0.073486876,0.106094617,30.73458615,warping
38,48,50,0.07482718,0.107461246,30.36821826,warping
39,40,5,0.018047323,0.007201785,-150.5951403,warping
39,41,10,0.035275853,0.022059604,-59.91153864,warping
39,42,15,0.051593256,0.035433623,-45.605364,warping
39,43,20,0.066414725,0.048741392,-36.25939289,warping
39,44,25,0.079862173,0.059859865,-33.41522467,warping
39,45,30,0.09238991,0.06878955,-34.30806087,warping
39,46,35,0.102272713,0.081118753,-26.07776731,warping
39,47,40,0.11221931,0.093610871,-19.87850174,warping
39,48,45,0.116189233,0.095346788,-21.85961965,warping
39,49,50,0.127823457,0.112641892,-13.477725,warping
40,41,5,0.008455205,0.010736272,21.24635747,warping
40,42,10,0.016513282,0.023163038,28.70848144,warping
40,43,15,0.024841458,0.037219143,33.25623217,warping
40,44,20,0.034548439,0.049286915,29.90342607,warping
40,45,25,0.042455443,0.059304186,28.41071501,warping
40,46,30,0.058055768,0.072585721,20.01764659,warping
40,47,35,0.070663438,0.086025648,17.85770894,warping
40,48,40,0.077515343,0.087762684,11.67619313,warping
40,49,45,0.087269288,0.106553907,18.09846262,warping
40,50,50,0.097684572,0.11294913,13.5145426,warping
41,42,5,0.006290587,0.008225908,23.52714278,warping
41,43,10,0.014757508,0.022044191,33.0548918,warping
41,44,15,0.024252362,0.034770592,30.25036181,warping
41,45,20,0.037198935,0.046009852,19.15006571,warping
41,46,25,0.0497589,0.061050137,18.49502201,warping
41,47,30,0.063974279,0.075914153,15.72812606,warping
41,48,35,0.0719557,0.07815384,7.93069182,warping
41,49,40,0.089255315,0.09851826,9.402262102,warping
41,50,45,0.096457763,0.106093521,9.08232424,warping
41,51,50,0.104361026,0.114396575,8.772595536,warping
42,43,5,0.00681478,0.010182325,33.07245249,warping
42,44,10,0.013264567,0.022931515,42.15573233,warping
42,45,15,0.020831523,0.035440404,41.22097848,warping
42,46,20,0.032735271,0.052096306,37.16393098,warping
42,47,25,0.045382189,0.067544789,32.81170976,warping
42,48,30,0.050452934,0.070112296,28.0398205,warping
42,49,35,0.06695026,0.091315154,26.68220188,warping
42,50,40,0.07633223,0.100055234,23.70990806,warping
42,51,45,0.084155952,0.109045056,22.82460585,warping
42,52,50,0.103704917,0.128106009,19.04757819,warping
43,44,5,0.006886953,0.008122842,15.21498229,warping
43,45,10,0.016510724,0.020665569,20.10515607,warping
43,46,15,0.029151355,0.038117033,23.52144652,warping
43,47,20,0.047100551,0.05426331,13.20000431,warping
43,48,25,0.063361556,0.057147143,-10.87440659,warping
43,49,30,0.085367909,0.078732798,-8.42737872,warping
43,50,35,0.10537853,0.088473108,-19.10797743,warping
43,51,40,0.123356228,0.098023256,-25.84383849,warping
43,52,45,0.146803977,0.118868663,-23.5009909,warping
43,53,50,0.171165111,0.130896199,-30.76400406,warping
44,45,5,0.006393473,0.008911375,28.25491699,warping
44,46,10,0.014313092,0.025490521,43.84935359,warping
44,47,15,0.024931764,0.041664687,40.16092274,warping
44,48,20,0.027072386,0.044767609,39.52684334,warping
44,49,25,0.042479408,0.067458171,37.02852039,warping
44,50,30,0.049637263,0.077429078,35.89325305,warping
44,51,35,0.055469945,0.087244923,36.42043157,warping
44,52,40,0.075414529,0.110804165,31.93890397,warping
44,53,45,0.08994297,0.124268581,27.62211585,warping
44,54,50,0.099096001,0.134992909,26.59169952,warping
45,46,5,0.012031855,0.012926636,6.921999282,warping
45,47,10,0.023542935,0.028661487,17.85864293,warping
45,48,15,0.032701247,0.031764844,-2.947921959,warping
45,49,20,0.04195618,0.054785034,23.41671209,warping
45,50,25,0.056736448,0.064752782,12.37990627,warping
45,51,30,0.062543991,0.075020816,16.63115045,warping
45,52,35,0.078483056,0.100012738,21.52694042,warping
45,53,40,0.090493312,0.11710873,22.72710034,warping
45,54,45,0.099804157,0.128581165,22.38042263,warping
45,55,50,0.104603128,0.131239509,20.29600756,warping
46,47,5,0.009639874,0.01077546,10.53863288,warping
46,48,10,0.02135287,0.013551992,-57.56259425,warping
46,49,15,0.044889072,0.038143854,-17.68363093,warping
46,50,20,0.059624721,0.048148423,-23.83525226,warping
46,51,25,0.078257452,0.059044246,-32.54035457,warping
46,52,30,0.096780175,0.087002468,-11.23842429,warping
46,53,35,0.107466424,0.107769781,0.281485959,warping
46,54,40,0.112130534,0.12198932,8.081679462,warping
46,55,45,0.109351862,0.125149697,12.62315114,warping
46,56,50,0.114424933,0.130342491,12.21210183,warping
47,48,5,0.010528894,0.001641452,-541.4378714,warping
47,49,10,0.014866422,0.022746753,34.64376308,warping
47,50,15,0.023567829,0.031856149,26.01795978,warping
47,51,20,0.02954771,0.044469611,33.55527508,warping
47,52,25,0.043641692,0.075402931,42.1220219,warping
47,53,30,0.056504271,0.099656738,43.30110366,warping
47,54,35,0.066514321,0.116002843,42.66147318,warping
47,55,40,0.069834253,0.119741291,41.67905491,warping
47,56,45,0.076828126,0.125810771,38.93358655,warping
47,57,50,0.084143155,0.129971812,35.26045817,warping
48,49,5,0.022612833,0.021096967,-7.18523231,warping
48,50,10,0.027236097,0.028514346,4.482828171,warping
48,51,15,0.039520848,0.041126904,3.905121572,warping
48,52,20,0.068716485,0.072199442,4.824077381,warping
48,53,25,0.090727675,0.096430689,5.914107057,warping
48,54,30,0.106373985,0.113189952,6.021706558,warping
48,55,35,0.110378525,0.117439375,6.012335655,warping
48,56,40,0.115271298,0.123509014,6.669729129,warping
48,57,45,0.119445607,0.128209141,6.835342251,warping
48,58,50,0.12534205,0.13429063,6.663591941,warping
49,50,5,0.028121897,0.007395297,-280.2673163,warping
49,51,10,0.041811244,0.015906312,-162.8594502,warping
49,52,15,0.061906215,0.048820793,-26.80296743,warping
49,53,20,0.079666431,0.078467575,-1.527836061,warping
49,54,25,0.099423862,0.098661059,-0.773154824,warping
49,55,30,0.122272374,0.102907484,-18.81776633,warping
49,56,35,0.137482499,0.113498161,-21.13191812,warping
49,57,40,0.154709106,0.121101796,-27.75128919,warping
49,58,45,0.169094712,0.129025593,-31.05517104,warping
49,59,50,0.184475761,0.137940282,-33.7359602,warping
50,51,5,0.016325467,0.008476294,-92.60147322,warping
50,52,10,0.044672259,0.040700478,-9.758561334,warping
50,53,15,0.07057336,0.069970427,-0.86169758,warping
50,54,20,0.08655706,0.090955365,4.835674519,warping
50,55,25,0.088278287,0.096804095,8.807280685,warping
50,56,30,0.102066267,0.107396701,4.96331292,warping
50,57,35,0.10858385,0.116178379,6.536955786,warping
50,58,40,0.115889449,0.125082373,7.349495917,warping
50,59,45,0.123121534,0.134690788,8.58949169,warping
50,60,50,0.133162364,0.14914543,10.71643024,warping
51,52,5,0.021782115,0.026980379,19.26682872,warping
51,53,10,0.04207324,0.057985245,27.44147227,warping
51,54,15,0.058160856,0.080603081,27.84288812,warping
51,55,20,0.060385752,0.086448703,30.14845815,warping
51,56,25,0.067631609,0.098632438,31.43066218,warping
51,57,30,0.076656039,0.108992063,29.66823744,warping
51,58,35,0.084451608,0.119259168,29.1864854,warping
51,59,40,0.092256478,0.129622591,28.82685257,warping
51,60,45,0.10500894,0.144812764,27.48640568,warping
51,61,50,0.113289535,0.156449929,27.58735266,warping
52,53,5,0.020587951,0.021518119,4.3227176,warping
52,54,10,0.041626061,0.046854696,11.15925434,warping
52,55,15,0.067155894,0.054051276,-24.24478987,warping
52,56,20,0.097574048,0.070382564,-38.63383534,warping
52,57,25,0.123353852,0.086422543,-42.73342035,warping
52,58,30,0.144467907,0.101809397,-41.90036577,warping
52,59,35,0.157104049,0.115159335,-36.42319916,warping
52,60,40,0.170358551,0.133509565,-27.60025947,warping
52,61,45,0.177800483,0.148681243,-19.58501254,warping
52,62,50,0.179369916,0.155038365,-15.69388968,warping
53,54,5,0.013001635,0.016284763,20.16073929,warping
53,55,10,0.029513288,0.023434251,-25.94082027,warping
53,56,15,0.042048713,0.040280865,-4.388803627,warping
53,57,20,0.056743691,0.060183839,5.716066012,warping
53,58,25,0.073078307,0.079641131,8.240495594,warping
53,59,30,0.088866294,0.096599739,8.005658344,warping
53,60,35,0.107368391,0.118991815,9.768254857,warping
53,61,40,0.119699056,0.13777009,13.116805,warping
53,62,45,0.129613522,0.144336134,10.2002261,warping
53,63,50,0.144603336,0.148341585,2.520028021,warping
54,55,5,0.014297225,0.004486816,-218.6496696,warping
54,56,10,0.021513356,0.014368048,-49.73054728,warping
54,57,15,0.030249049,0.034426606,12.13467463,warping
54,58,20,0.040905074,0.056476136,27.57104771,warping
54,59,25,0.052057689,0.077159978,32.53278369,warping
54,60,30,0.067274678,0.103086408,34.73952677,warping
54,61,35,0.075587414,0.127379968,40.65988918,warping
54,62,40,0.081925629,0.135156684,39.38470008,warping
54,63,45,0.090447998,0.140126218,35.45248003,warping
54,64,50,0.097145436,0.152270011,36.20185913,warping
55,56,5,0.013903847,0.009865945,-40.92767457,warping
55,57,10,0.029647712,0.027587762,-7.466895698,warping
55,58,15,0.047158627,0.049302018,4.347471005,warping
55,59,20,0.064355439,0.070413539,8.603602235,warping
55,60,25,0.084077227,0.097940702,14.15496808,warping
55,61,30,0.104663968,0.123096575,14.97410219,warping
55,62,35,0.111307424,0.130874125,14.95077932,warping
55,63,40,0.11391857,0.136555171,16.57689077,warping
55,64,45,0.124733362,0.14884259,16.19780205,warping
55,65,50,0.149612117,0.174671399,14.34652849,warping
56,57,5,0.008193127,0.011830881,30.74795073,warping
56,58,10,0.019453533,0.032972325,41.00041969,warping
56,59,15,0.030965237,0.055012657,43.71252289,warping
56,60,20,0.052508667,0.084212272,37.64725095,warping
56,61,25,0.0716205,0.113321506,36.79884513,warping
56,62,30,0.075937347,0.122817909,38.17078705,warping
56,63,35,0.078697372,0.128495434,38.75473292,warping
56,64,40,0.085719207,0.1419025,39.59288487,warping
56,65,45,0.108209973,0.169238006,36.06047745,warping
56,66,50,0.11307641,0.176371696,35.88743953,warping
57,58,5,0.006786157,0.012525911,45.82304949,warping
57,59,10,0.014141243,0.033144177,57.33415472,warping
57,60,15,0.03027814,0.063359041,52.21180771,warping
57,61,20,0.047734442,0.095814317,50.18026191,warping
57,62,25,0.049772367,0.10719361,53.56778517,warping
57,63,30,0.049399401,0.11336706,56.4252608,warping
57,64,35,0.055984339,0.128273716,56.355565,warping
57,65,40,0.083114976,0.159643862,47.93725562,warping
57,66,45,0.092319596,0.167681096,44.94334854,warping
57,67,50,0.094613785,0.174136965,45.66703038,warping
58,59,5,0.006962679,0.012859648,45.85638094,warping
58,60,10,0.022394378,0.042919071,47.82184898,warping
58,61,15,0.039940416,0.078201151,48.92605124,warping
58,62,20,0.043442791,0.091282591,52.4084603,warping
58,63,25,0.042629278,0.097937825,56.47312196,warping
58,64,30,0.049628918,0.114466107,56.64313282,warping
58,65,35,0.080897436,0.15020485,46.14192801,warping
58,66,40,0.091344603,0.160311213,43.02045335,warping
58,67,45,0.095401467,0.166843518,42.81979412,warping
58,68,50,0.103323852,0.171663537,39.81025099,warping